course,type,ver,image_path,rate_0,rate_1,rate_2,rate_3,rate_4,rate_5,rate_6,rate_7,rate_8,rate_9,rate_10,rate_11
�����������g��,150cc,DLC0,data\images_person0\DLC0_frame\2022 03 13 16 41 00@1050893ms.png,12039,12908,13452,10353,14610,11346,1112,10290,17246,10486,4814,9143
�G���N�g���h���[��,150cc,DLC0,data\images_person0\DLC0_frame\2022 03 13 16 41 00@1264538ms.png,12016,0,13452,10349,14613,11328,1140,10303,17260,9147,16339,14514
�s�[�`�T�[�L�b�g,150cc,DLC0,data\images_person0\DLC0_frame\2022 03 13 16 41 00@1494810ms.png,12010,12912,13455,10344,14583,10320,17280,9169,16355,14494,14144,0
�˂���}���V����,150cc,DLC0,data\images_person0\DLC0_frame\2022 03 13 16 41 00@1738355ms.png,12017,12923,13433,10345,14596,10326,17298,9194,16336,14466,14132,0
N64���C���{�[���[�h,150cc,DLC0,data\images_person0\DLC0_frame\2022 03 13 16 41 00@1954804ms.png,12008,12933,13458,10351,14568,10336,17321,9192,16311,14484,14145,6847
�T���V���C����������,150cc,DLC0,data\images_person0\DLC0_frame\2022 03 13 16 41 00@2123572ms.png,12008,12911,13451,14593,10358,17303,9212,16315,14464,14146,6877,0
�N�b�p�L���b�X��,150cc,DLC0,data\images_person0\DLC0_frame\2022 03 13 16 41 00@2352267ms.png,11999,12911,13462,14608,10351,17292,9202,16332,14491,14150,6876,16730
�}���I�J�[�g�X�^�W�A��,150cc,DLC0,data\images_person0\DLC0_frame\2022 03 13 16 41 00@248813ms.png,12020,12981,13415,10340,14624,11249,1048,10267,17244,10506,4794,17017
�X�J�C�K�[�f��,150cc,DLC0,data\images_person0\DLC0_frame\2022 03 13 16 41 00@2573196ms.png,11974,12936,13470,14584,10344,17304,9209,16356,14492,14146,6882,16757
�L�m�s�I�T�[�L�b�g,150cc,DLC0,data\images_person0\DLC0_frame\2022 03 13 16 41 00@2793501ms.png,11970,12956,13457,14596,10336,17277,9200,16355,14514,14143,6916,16761
�����I�X�m�[�}�E���e��,150cc,DLC0,data\images_person0\DLC0_frame\2022 03 13 16 41 00@3036852ms.png,11956,12934,13471,14587,10346,17259,9190,16359,14531,14140,6950,16779
�~���[�W�b�N�p�[�N,150cc,DLC0,data\images_person0\DLC0_frame\2022 03 13 16 41 00@3246062ms.png,11967,12954,13475,10352,17267,9185,16378,0,6984,16758,13290,0
�s�[�`�T�[�L�b�g,150cc,DLC0,data\images_person0\DLC0_frame\2022 03 13 16 41 00@3463376ms.png,11954,12956,13481,10335,17256,9204,16401,14499,7014,16769,10268,0
�����I�X�m�[�}�E���e��,150cc,DLC0,data\images_person0\DLC0_frame\2022 03 13 16 41 00@3693124ms.png,11962,12985,13470,10318,17234,9214,16413,0,7012,16786,10270,12034
�c���c���c�C�X�^�[,150cc,DLC0,data\images_person0\DLC0_frame\2022 03 13 16 41 00@3905744ms.png,11978,12983,13447,10318,16415,14528,7039,16808,12099,13053,12714,0
�L�m�s�I�n�[�o�[,150cc,DLC0,data\images_person0\DLC0_frame\2022 03 13 16 41 00@4137046ms.png,13442,16400,13060,12715,11383,10619,10802,0,0,0,0,0
�����I�X�^�W�A��,150cc,DLC0,data\images_person0\DLC0_frame\2022 03 13 16 41 00@4364099ms.png,13419,16410,12709,11370,10644,10813,10702,9254,10022,16555,13591,19971
�}���I�T�[�L�b�g,150cc,DLC0,data\images_person0\DLC0_frame\2022 03 13 16 41 00@440568ms.png,12039,12953,13436,10350,14599,11279,1055,10272,17250,10502,4807,16994
SFC���C���{�[���[�h,150cc,DLC0,data\images_person0\DLC0_frame\2022 03 13 16 41 00@4597807ms.png,13417,0,11381,10671,10830,10690,9276,10023,16553,10157,16243,13748
�}���I�J�[�g�X�^�W�A��,150cc,DLC0,data\images_person0\DLC0_frame\2022 03 13 16 41 00@4786068ms.png,13424,16424,11397,10697,10817,10711,9268,10025,10154,16240,13775,0
�J���J�����΂�,150cc,DLC0,data\images_person0\DLC0_frame\2022 03 13 16 41 00@5003916ms.png,13417,16439,11428,10675,10832,9268,10014,10160,16218,13789,15035,0
���b�V�[�T�[�L�b�g,200cc,DLC0,data\images_person0\DLC0_frame\2022 03 13 16 41 00@5234142ms.png,13428,16454,11409,10696,10836,9270,9999,10154,16206,98816,15036,0
�G���N�g���h���[��,150cc,DLC0,data\images_person0\DLC0_frame\2022 03 13 16 41 00@5420194ms.png,13428,16460,11441,10691,10819,9296,16196,13787,8834,0,0,0
�l�C�`���[���[�h,150cc,DLC0,data\images_person0\DLC0_frame\2022 03 13 16 41 00@54276ms.png,12012,12994,13439,10322,14615,11245,1037,10240,17277,10506,4791,17001
�L�m�s�I�n�[�o�[,150cc,DLC0,data\images_person0\DLC0_frame\2022 03 13 16 41 00@5632529ms.png,10142,11247,4855,15316,17251,15896,7993,13518,13257,9024,13440,14206
�����������g��,150cc,DLC0,data\images_person0\DLC0_frame\2022 03 13 16 41 00@5848597ms.png,10135,11227,4882,15340,17247,15905,8000,0,13263,9013,13436,14130
�}���I�J�[�g�X�^�W�A��,150cc,DLC0,data\images_person0\DLC0_frame\2022 03 13 16 41 00@6053799ms.png,10127,11243,4889,15353,17268,15922,7996,0,9021,13442,14190,13235
DK�W�����O��,150cc,DLC0,data\images_person0\DLC0_frame\2022 03 13 16 41 00@645996ms.png,12057,12965,13442,10330,14593,11303,1060,10265,17270,10506,4807,19318
SFC���C���{�[���[�h,150cc,DLC0,data\images_person0\DLC0_frame\2022 03 13 16 41 00@865161ms.png,12056,12937,13454,10327,14608,11328,1081,10291,17242,10494,4814,0
DK�W�����O��,150cc,DLC1,"data\images_person0\DLC1\���[�g�� 20,694_@1016967ms.png",20707,21888,9477,30353,26693,86138,26793,30278,26654,40042,19221,25357
GBA�}���I�T�[�L�b�g,150cc,DLC1,"data\images_person0\DLC1\���[�g�� 20,694_@1231498ms.png",20722,21872,9473,30348,26721,86141,26797,30262,26647,40056,19246,25341
���b�V�[�o���[,150cc,DLC1,"data\images_person0\DLC1\���[�g�� 20,694_@1419558ms.png",20731,21861,9479,30342,26749,86139,26819,30233,26664,40028,19266,25336
�L�m�s�I�n�C�E�F�C,150cc,DLC1,"data\images_person0\DLC1\���[�g�� 20,694_@1643869ms.png",20755,21840,9478,30322,26761,86156,26841,30223,26662,40010,19276,25345
�L�m�s�I�T�[�L�b�g,150cc,DLC1,"data\images_person0\DLC1\���[�g�� 20,694_@1849942ms.png",20780,21834,9499,30341,26734,86173,26834,30232,26665,39982,19266,25345
�R�R�i�b�c���[��,150cc,DLC1,"data\images_person0\DLC1\���[�g�� 20,694_@2027155ms.png",20814,21818,9502,30354,26732,86185,26847,30236,26653,39950,19266,25349
�}���I�J�[�g�X�^�W�A��,150cc,DLC1,"data\images_person0\DLC1\���[�g�� 20,694_@2232343ms.png",20824,21817,9526,30359,26749,86201,26869,30206,26631,39926,19271,44021
�z�l�z�l���΂�,150cc,DLC1,"data\images_person0\DLC1\���[�g�� 20,694_@2447925ms.png",20803,21831,9526,30360,26767,86218,26893,30197,26629,39933,19262,44002
�����I�X�^�W�A��,150cc,DLC1,"data\images_person0\DLC1\���[�g�� 20,694_@2683696ms.png",20817,21860,9536,30361,26757,86189,26892,30213,26604,39911,19281,44021
�G�L�T�C�g�o�C�N,150cc,DLC1,"data\images_person0\DLC1\���[�g�� 20,694_@2908542ms.png",20837,21849,9542,30376,26785,26915,30209,26612,39885,19282,44017,30305
�v�N�v�N�r�[�`,150cc,DLC1,"data\images_person0\DLC1\���[�g�� 20,694_@3118271ms.png",20851,21882,9542,30391,26784,26928,30190,26606,39899,19291,43997,21059
�r�b�O�u���[,150cc,DLC1,"data\images_person0\DLC1\���[�g�� 20,694_@3344144ms.png",20870,21866,9559,30381,26791,26954,30174,26603,39913,19281,44005,0
�j���j���h�[�W���[,150cc,DLC1,"data\images_person0\DLC1\���[�g�� 20,694_@3532421ms.png",20871,21872,9555,30388,26813,26938,30199,26593,39921,19267,44001,27345
�L�m�R���b�W�E�F�C,150cc,DLC1,"data\images_person0\DLC1\���[�g�� 20,694_@3769664ms.png",20901,21891,9572,30384,26830,26965,30170,26601,39907,19252,43977,27332
�O���O��������,150cc,DLC1,"data\images_person0\DLC1\���[�g�� 20,694_@4006918ms.png",20895,21915,9593,30379,26824,26993,30140,26579,39884,19272,43989,26319
�}���I�J�[�g�X�^�W�A��,150cc,DLC1,"data\images_person0\DLC1\���[�g�� 20,694_@4218519ms.png",20880,21939,9599,26797,30121,26582,39888,19277,44002,26312,20625,50835
�R�R�i�b�c���[��,150cc,DLC1,"data\images_person0\DLC1\���[�g�� 20,694_@4409938ms.png",20884,21936,9598,26770,30130,26604,39908,19266,44011,26314,20618,50833
�g�[�L���[�X�N�����u��,mirror,DLC1,"data\images_person0\DLC1\���[�g�� 20,694_@4632910ms.png",20872,21949,9598,26773,30145,26602,19285,44026,26288,20652,50817,30938
�h�[�i�c�ւ���,150cc,DLC1,"data\images_person0\DLC1\���[�g�� 20,694_@4819728ms.png",20866,21967,9611,26789,30163,26609,26289,20651,50834,30917,28819,21908
�p���v�����i�[�h,150cc,DLC1,"data\images_person0\DLC1\���[�g�� 20,694_@5000037ms.png",20900,21985,9614,26791,30167,26586,26307,20655,50819,30934,28803,0
�s�[�`�T�[�L�b�g,150cc,DLC1,"data\images_person0\DLC1\���[�g�� 20,694_@5242289ms.png",20885,22002,9618,26818,30168,26585,26301,20635,50830,30945,53305,0
���{�����[�h,150cc,DLC1,"data\images_person0\DLC1\���[�g�� 20,694_@5463975ms.png",20909,22008,9621,30144,26613,26312,20636,50828,30932,53317,0,0
�x�r�B�p�[�N,150cc,DLC1,data\images_person0\DLC1_frame\2022 07 01 21 21 02@10175911ms.png,19105,13646,12990,14120,8829,7851,0,0,0,0,0,0
�~���[�g�V�e�B,150cc,DLC1,data\images_person0\DLC1_frame\2022 07 01 21 21 02@10334150ms.png,19118,13633,23868,0,0,0,0,0,0,0,0,0
���b�V�[�T�[�L�b�g,mirror,DLC1,data\images_person0\DLC1_frame\2022 07 01 21 21 02@10528143ms.png,13538,21104,16604,20265,19037,19228,21471,17078,16829,4784,0,0
�j���j���h�[�W���[,mirror,DLC1,data\images_person0\DLC1_frame\2022 07 01 21 21 02@10641480ms.png,13566,21097,20265,19045,19243,21451,16821,4785,17037,19127,0,0
GBA�}���I�T�[�L�b�g,150cc,DLC1,data\images_person0\DLC1_frame\2022 07 01 21 21 02@10893837ms.png,13581,21096,20260,19065,89815,4787,17055,19154,20002,0,0,0
�w�C�z�[��������,150cc,DLC1,data\images_person0\DLC1_frame\2022 07 01 21 21 02@11092152ms.png,13601,21074,20277,19059,15843,4794,17063,19153,19973,27069,20530,28686
�R�R�i�b�c���[��,150cc,DLC1,data\images_person0\DLC1_frame\2022 07 01 21 21 02@11334642ms.png,21056,20299,19076,16860,4802,17068,19161,20001,27035,20526,28659,0
���{�����[�h,150cc,DLC1,data\images_person0\DLC1_frame\2022 07 01 21 21 02@11554395ms.png,21066,20317,19101,16853,4807,17073,19191,19980,27034,20521,28624,18008
�����I��������,150cc,DLC1,data\images_person0\DLC1_frame\2022 07 01 21 21 02@11784290ms.png,21053,20299,19095,16855,4805,17100,19201,20009,27038,20539,28595,18013
�T���V���C����������,150cc,DLC1,data\images_person0\DLC1_frame\2022 07 01 21 21 02@12026310ms.png,21045,20302,19120,16841,4806,17117,19175,20018,27028,20567,28604,18003
�h�[�i�c�ւ���,150cc,DLC1,data\images_person0\DLC1_frame\2022 07 01 21 21 02@1214834ms.png,10180,13879,11402,15312,13167,19002,16827,12772,10441,10966,19309,31066
SFC���C���{�[���[�h,150cc,DLC1,data\images_person0\DLC1_frame\2022 07 01 21 21 02@12266159ms.png,21037,20331,19094,16849,4821,17109,19159,19996,27032,20575,28613,18029
�p�b�N���X���C�_�[,mirror,DLC1,data\images_person0\DLC1_frame\2022 07 01 21 21 02@12466084ms.png,21060,20328,19077,16881,4822,17116,19153,20010,20582,28579,18050,0
�E�H�[�^�[�p�[�N,150cc,DLC1,data\images_person0\DLC1_frame\2022 07 01 21 21 02@12707572ms.png,21031,20344,19101,16886,4824,17108,19165,20004,20610,28575,18035,16617
�X�C�[�c�L���j�I��,mirror,DLC1,data\images_person0\DLC1_frame\2022 07 01 21 21 02@12907425ms.png,20345,19125,4822,19184,19995,20621,28546,18019,16618,0,0,0
�L�m�R���b�W�E�F�C,150cc,DLC1,data\images_person0\DLC1_frame\2022 07 01 21 21 02@13126994ms.png,20332,19106,4820,19192,19995,20640,28550,18014,16648,16595,0,0
�h�b�X��������,150cc,DLC1,data\images_person0\DLC1_frame\2022 07 01 21 21 02@13347405ms.png,20321,19122,19220,19991,20648,28561,18019,16625,16583,21571,18860,0
�h���S�����[�h,150cc,DLC1,data\images_person0\DLC1_frame\2022 07 01 21 21 02@13561902ms.png,20333,19153,19216,19998,20620,28532,18011,16630,16611,21553,18873,16876
�r�b�O�u���[,150cc,DLC1,data\images_person0\DLC1_frame\2022 07 01 21 21 02@13771126ms.png,20330,19131,19246,0,20611,28540,18028,16639,16604,21573,18853,16863
�R�R�i�b�c���[��,150cc,DLC1,data\images_person0\DLC1_frame\2022 07 01 21 21 02@13953104ms.png,20343,19162,19256,19989,20583,28547,18033,16631,16587,21563,18878,16865
�r�b�O�u���[,150cc,DLC1,data\images_person0\DLC1_frame\2022 07 01 21 21 02@14163816ms.png,20335,19192,19281,19992,20559,18049,16655,16600,21544,19879,16857,4822
�����I�X�^�W�A��,150cc,DLC1,data\images_person0\DLC1_frame\2022 07 01 21 21 02@1418382ms.png,10196,13894,11400,15339,13153,18985,16802,12748,10452,10995,19302,31073
�����I�X�^�W�A��,150cc,DLC1,data\images_person0\DLC1_frame\2022 07 01 21 21 02@14346222ms.png,20336,19220,19257,20008,20544,18074,16630,16611,21552,19875,16852,4826
�~���[�W�b�N�p�[�N,150cc,DLC1,data\images_person0\DLC1_frame\2022 07 01 21 21 02@14559739ms.png,20351,19192,19254,19994,20570,18099,16626,16597,21551,18889,16863,4828
�����I�X�^�W�A��,150cc,DLC1,data\images_person0\DLC1_frame\2022 07 01 21 21 02@14775499ms.png,20326,19220,19251,20005,20550,18123,16622,16608,21535,18906,16869,48283
DK�W�����O��,150cc,DLC1,data\images_person0\DLC1_frame\2022 07 01 21 21 02@14996964ms.png,20306,19249,19274,19996,20560,16598,16609,21538,18924,16859,4827,17154
�~���[�g�V�e�B,150cc,DLC1,data\images_person0\DLC1_frame\2022 07 01 21 21 02@15227323ms.png,20291,19256,19287,0,15624,16589,21550,18906,16865,4824,17154,15391
�����������g��,150cc,DLC1,data\images_person0\DLC1_frame\2022 07 01 21 21 02@15453390ms.png,19247,19303,20574,16650,16569,21573,18893,16839,4843,17169,15379,18719
DK�W�����O��,150cc,DLC1,data\images_person0\DLC1_frame\2022 07 01 21 21 02@15664008ms.png,19274,19274,20593,16656,16549,21551,18880,16860,4867,17169,15376,18727
�O���O��������,200cc,DLC1,data\images_person0\DLC1_frame\2022 07 01 21 21 02@15903532ms.png,19291,19286,20577,16635,16575,16854,4872,17173,15408,18734,32137,0
�c���c���c�C�X�^�[,150cc,DLC1,data\images_person0\DLC1_frame\2022 07 01 21 21 02@16137031ms.png,19285,19285,20563,16661,16595,17180,15396,18746,32153,21551,17149,1166
�h�[�i�c�ւ���,150cc,DLC1,data\images_person0\DLC1_frame\2022 07 01 21 21 02@16343644ms.png,19287,19282,20548,16641,15606,17201,15373,18759,32165,21574,1178,17134
�l�C�`���[���[�h,150cc,DLC1,data\images_person0\DLC1_frame\2022 07 01 21 21 02@16540485ms.png,19289,19279,20554,16668,0,17181,15366,18772,32182,21562,1182,17108
�N�b�p�L���b�X��,mirror,DLC1,data\images_person0\DLC1_frame\2022 07 01 21 21 02@16762037ms.png,19302,19251,20549,16648,0,17177,15374,18755,32194,21576,1204,17139
DK�W�����O��,200cc,DLC1,data\images_person0\DLC1_frame\2022 07 01 21 21 02@1693028ms.png,9245,9956,8917,13485,14675,13921,14543,17331,13653,10825,18973,0
�G�L�T�C�g�o�C�N,150cc,DLC1,data\images_person0\DLC1_frame\2022 07 01 21 21 02@17007620ms.png,19304,19228,20539,16669,16594,17203,15362,18764,32211,21570,1229,17129
���[���[�J���g���[,150cc,DLC1,data\images_person0\DLC1_frame\2022 07 01 21 21 02@17229064ms.png,19301,19210,20559,16650,15613,17197,15339,18767,32214,21593,1237,17140
SFC���C���{�[���[�h,150cc,DLC1,data\images_person0\DLC1_frame\2022 07 01 21 21 02@17429776ms.png,19283,19228,20530,16681,17207,15341,18770,32216,21582,1238,17165,0
�p���v�����i�[�h,200cc,DLC1,data\images_person0\DLC1_frame\2022 07 01 21 21 02@17627949ms.png,19255,19239,20523,16691,17228,15325,18760,32208,21600,1273,17152,23845
DK�W�����O��,150cc,DLC1,data\images_person0\DLC1_frame\2022 07 01 21 21 02@17821310ms.png,19279,19268,20514,16707,17249,15332,18768,32197,21575,1278,17127,23827
�˂���}���V����,150cc,DLC1,data\images_person0\DLC1_frame\2022 07 01 21 21 02@18021941ms.png,19282,19277,20536,16699,17224,15321,18788,32214,21570,1279,17144,23813
�R�R�i�b�c���[��,150cc,DLC1,data\images_person0\DLC1_frame\2022 07 01 21 21 02@18252761ms.png,19276,19250,20523,16685,15349,18803,32230,21545,1300,17145,23825,0
�j���j���h�[�W���[,150cc,DLC1,data\images_person0\DLC1_frame\2022 07 01 21 21 02@18464061ms.png,19223,20506,16717,15366,18793,32242,21544,1320,17166,23800,27348,0
�X�C�[�c�L���j�I��,150cc,DLC1,data\images_person0\DLC1_frame\2022 07 01 21 21 02@1852298ms.png,9248,9970,8913,13479,14685,13893,14563,17310,13653,10846,18992,11440
���{�����[�h,200cc,DLC1,data\images_person0\DLC1_frame\2022 07 01 21 21 02@18699901ms.png,19225,20528,16739,15355,32259,21549,1318,17164,23775,20464,0,0
�l�C�`���[���[�h,150cc,DLC1,data\images_person0\DLC1_frame\2022 07 01 21 21 02@18926468ms.png,16735,15347,32270,21573,1345,17141,23750,20472,25833,29558,31054,13223
�n�C�����T�[�L�b�g,150cc,DLC1,data\images_person0\DLC1_frame\2022 07 01 21 21 02@19126788ms.png,16729,15357,32256,21572,1366,17125,23732,20497,25846,31113,19245,3276
�J���J�����΂�,150cc,DLC1,data\images_person0\DLC1_frame\2022 07 01 21 21 02@19332108ms.png,21552,1396,23737,20485,25838,19265,3276,18559,0,0,0,0
�R�R�i�b�c���[��,mirror,DLC1,data\images_person0\DLC1_frame\2022 07 01 21 21 02@19525548ms.png,21554,1417,23723,20510,25815,19262,18577,25664,26823,0,0,0
�r�b�O�u���[,150cc,DLC1,data\images_person0\DLC1_frame\2022 07 01 21 21 02@19743659ms.png,21543,23734,19293,18576,25679,26798,16749,17258,0,0,0,0
�w�C�z�[��������,150cc,DLC1,data\images_person0\DLC1_frame\2022 07 01 21 21 02@20089197ms.png,23739,19347,18577,26769,21554,25711,17281,21204,0,0,0,0
�O���O��������,150cc,DLC1,data\images_person0\DLC1_frame\2022 07 01 21 21 02@20320143ms.png,23713,19333,18608,26780,21559,25716,17278,16749,0,0,0,0
�����������g��,150cc,DLC1,data\images_person0\DLC1_frame\2022 07 01 21 21 02@20524794ms.png,19319,18609,26777,25734,0,0,0,0,0,0,0,0
�O���O��������,150cc,DLC1,data\images_person0\DLC1_frame\2022 07 01 21 21 02@20796392ms.png,13706,18663,9203,13476,14630,10581,9500,9867,12740,19319,9127,0
�~���[�g�V�e�B,150cc,DLC1,data\images_person0\DLC1_frame\2022 07 01 21 21 02@2087127ms.png,9272,9961,8915,13477,14686,13921,17326,10859,18968,14639,15511,0
�T���V���C����������,150cc,DLC1,data\images_person0\DLC1_frame\2022 07 01 21 21 02@21018891ms.png,13711,18666,9209,10611,9493,9862,19332,9116,17262,0,0,0
�h�b�X��������,150cc,DLC1,data\images_person0\DLC1_frame\2022 07 01 21 21 02@21227627ms.png,13698,18678,9218,10629,9506,3855,19351,9105,17250,9047,0,0
�p�b�N���X���C�_�[,150cc,DLC1,data\images_person0\DLC1_frame\2022 07 01 21 21 02@21459572ms.png,13682,10614,9512,9870,19357,9107,17265,9035,10132,9437,3891,0
�~���[�g�V�e�B,mirror,DLC1,data\images_person0\DLC1_frame\2022 07 01 21 21 02@21706256ms.png,9528,9862,19370,9110,17273,10142,8437,10150,0,0,0,0
�r�b�O�u���[,150cc,DLC1,data\images_person0\DLC1_frame\2022 07 01 21 21 02@21940995ms.png,9519,9881,19360,9124,17270,10137,8426,10174,16308,0,0,0
�`���R�}�E���e��,mirror,DLC1,data\images_person0\DLC1_frame\2022 07 01 21 21 02@22133102ms.png,9522,9877,19378,9117,17276,10149,8436,9443,18755,15260,0,0
DK�W�����O��,150cc,DLC1,data\images_person0\DLC1_frame\2022 07 01 21 21 02@22373188ms.png,9509,9868,19397,9128,10144,8444,9463,18757,16552,10311,16682,12783
�L�m�R���b�W�E�F�C,150cc,DLC1,data\images_person0\DLC1_frame\2022 07 01 21 21 02@22605796ms.png,9527,9873,19407,9124,10140,8437,9488,18753,16540,12791,0,0
�X�J�C�K�[�f��,150cc,DLC1,data\images_person0\DLC1_frame\2022 07 01 21 21 02@22833243ms.png,9537,9868,19425,9116,9504,18765,16548,18786,9883,9707,0,0
�O���O��������,200cc,DLC1,data\images_person0\DLC1_frame\2022 07 01 21 21 02@23071844ms.png,9534,9888,19439,9123,9496,18762,16535,18807,9869,9722,17684,10913
�R�R�i�b�c���[��,150cc,DLC1,data\images_person0\DLC1_frame\2022 07 01 21 21 02@2311673ms.png,9266,9971,8915,13466,14678,13932,17338,10886,18935,14642,15536,14371
�����I��������,150cc,DLC1,data\images_person0\DLC1_frame\2022 07 01 21 21 02@23294686ms.png,9549,9891,19430,9135,9487,18823,9864,9708,10905,14109,0,0
�~���[�g�V�e�B,150cc,DLC1,data\images_person0\DLC1_frame\2022 07 01 21 21 02@23516318ms.png,9559,9885,19436,9126,18841,3863,9713,10918,14126,10536,3564,0
�g�[�L���[�X�N�����u��,150cc,DLC1,data\images_person0\DLC1_frame\2022 07 01 21 21 02@23749581ms.png,9557,9873,19454,9134,18854,9846,9728,14128,9223,9968,10196,0
�v�N�v�N�r�[�`,150cc,DLC1,data\images_person0\DLC1_frame\2022 07 01 21 21 02@23955005ms.png,9568,9865,19456,9120,18872,9730,14140,9991,10419,14590,9209,17512
���b�V�[�T�[�L�b�g,150cc,DLC1,data\images_person0\DLC1_frame\2022 07 01 21 21 02@24161822ms.png,9587,9851,19471,9725,14141,10004,14614,9212,17494,0,0,0
�V���[�x�b�g�����h,mirror,DLC1,data\images_person0\DLC1_frame\2022 07 01 21 21 02@24381668ms.png,9575,9869,19488,97238,14139,10027,14592,9226,17482,10857,10712,13817
�n�C�����T�[�L�b�g,150cc,DLC1,data\images_person0\DLC1_frame\2022 07 01 21 21 02@24615587ms.png,9566,9855,19491,14154,10025,14611,9237,17502,10853,10724,13812,0
�h���S�����[�h,mirror,DLC1,data\images_person0\DLC1_frame\2022 07 01 21 21 02@24845864ms.png,9583,9850,19510,14153,10024,14603,9251,17475,10880,10702,13829,17117
�R�R�i�b�c���[��,150cc,DLC1,data\images_person0\DLC1_frame\2022 07 01 21 21 02@25069142ms.png,19528,14593,17486,10882,10715,13840,17133,11731,0,0,0,0
�p���v�����i�[�h,150cc,DLC1,data\images_person0\DLC1_frame\2022 07 01 21 21 02@25302935ms.png,19546,14583,17485,10883,10706,13860,17140,11711,0,0,0,0
�L�m�s�I�n�C�E�F�C,mirror,DLC1,data\images_person0\DLC1_frame\2022 07 01 21 21 02@2538811ms.png,9269,9980,8921,13485,14684,17335,10870,18954,9127,10820,10706,0
���{�����[�h,150cc,DLC1,data\images_person0\DLC1_frame\2022 07 01 21 21 02@25525759ms.png,19564,14566,17457,10881,10717,13873,17154,11712,10150,0,0,0
DK�W�����O��,150cc,DLC1,data\images_person0\DLC1_frame\2022 07 01 21 21 02@25754446ms.png,19582,14567,17466,13862,17125,11711,10164,13099,7072,12722,0,0
�s�[�`�T�[�L�b�g,150cc,DLC1,data\images_person0\DLC1_frame\2022 07 01 21 21 02@25952124ms.png,19601,17475,13853,17141,11694,10151,13104,7076,12722,9698,8512,10143
�X�C�[�c�L���j�I��,150cc,DLC1,data\images_person0\DLC1_frame\2022 07 01 21 21 02@26181691ms.png,19620,17462,13869,17118,10134,13127,7094,9708,8514,10147,0,0
�j���j���h�[�W���[,150cc,DLC1,data\images_person0\DLC1_frame\2022 07 01 21 21 02@26410961ms.png,19633,17465,13883,13130,7092,9704,8518,10175,0,0,0,0
���{�����[�h,150cc,DLC1,data\images_person0\DLC1_frame\2022 07 01 21 21 02@26643403ms.png,19649,17450,13858,13147,7091,9708,8529,10189,9168,12148,9837,18647
DK�W�����O��,150cc,DLC1,data\images_person0\DLC1_frame\2022 07 01 21 21 02@26878489ms.png,19654,17427,13170,7084,9709,8545,10176,9197,12146,9834,3999,0
���b�V�[�T�[�L�b�g,150cc,DLC1,data\images_person0\DLC1_frame\2022 07 01 21 21 02@27118580ms.png,19667,17430,13141,7096,9711,8537,10194,9191,12152,14402,28678,0
�l�C�`���[���[�h,150cc,DLC1,data\images_person0\DLC1_frame\2022 07 01 21 21 02@27342063ms.png,19661,17441,13152,7098,9735,8531,10191,12148,14427,17018,0,0
GBA�}���I�T�[�L�b�g,150cc,DLC1,data\images_person0\DLC1_frame\2022 07 01 21 21 02@27554676ms.png,19679,17415,13155,7092,9732,8540,10215,12166,14417,17022,10237,0
�O���O��������,150cc,DLC1,data\images_person0\DLC1_frame\2022 07 01 21 21 02@2759482ms.png,9277,9995,8922,13505,17324,10851,18921,9148,10828,10694,15552,10857
�X�J�C�K�[�f��,150cc,DLC1,data\images_person0\DLC1_frame\2022 07 01 21 21 02@27753722ms.png,19693,17415,13172,7113,9719,8546,10244,12146,14399,10244,0,0
�L�m�s�I�n�C�E�F�C,150cc,DLC1,data\images_person0\DLC1_frame\2022 07 01 21 21 02@27997156ms.png,19688,17418,13193,7106,9709,8550,10272,12143,14411,10236,13402,0
DK�W�����O��,150cc,DLC1,data\images_person0\DLC1_frame\2022 07 01 21 21 02@28211779ms.png,19680,17401,13197,7108,9696,8557,10259,12155,14425,10265,13393,11726
���[���[�J���g���[,150cc,DLC1,data\images_person0\DLC1_frame\2022 07 01 21 21 02@28404531ms.png,19679,17406,9693,8569,10279,12129,14450,10264,13405,0,0,0
�c���c���c�C�X�^�[,150cc,DLC1,data\images_person0\DLC1_frame\2022 07 01 21 21 02@28614432ms.png,19684,17406,9681,8570,12131,14467,10266,13431,11617,93812,10358,13595
�L�m�s�I�T�[�L�b�g,150cc,DLC1,data\images_person0\DLC1_frame\2022 07 01 21 21 02@28846490ms.png,19684,17397,9680,8565,12146,14488,10257,13403,11622,12841,10357,13612
�w�C�z�[��������,mirror,DLC1,data\images_person0\DLC1_frame\2022 07 01 21 21 02@29024495ms.png,57911,33188,0,99999,11590,3708,12470,6883,16777,0,0,0
�l�I�N�b�p�V�e�B,150cc,DLC1,data\images_person0\DLC1_frame\2022 07 01 21 21 02@29078464ms.png,57929,33196,99999,3713,12478,6876,16775,5697,19669,16923,0,0
�p���v�����i�[�h,150cc,DLC1,data\images_person0\DLC1_frame\2022 07 01 21 21 02@29286844ms.png,57948,33189,99971,3718,12473,6890,16783,19688,16938,922,15945,0
GBA�}���I�T�[�L�b�g,150cc,DLC1,data\images_person0\DLC1_frame\2022 07 01 21 21 02@29495713ms.png,57967,33194,99983,3717,12460,6898,16773,19686,16955,15951,2767,0
N64���C���{�[���[�h,mirror,DLC1,data\images_person0\DLC1_frame\2022 07 01 21 21 02@29660152ms.png,18982,10472,13790,10827,10702,10536,7623,8936,1079,10663,13103,0
���b�V�[�T�[�L�b�g,150cc,DLC1,data\images_person0\DLC1_frame\2022 07 01 21 21 02@29820451ms.png,18968,10449,13808,10710,7640,8930,1107,10665,13128,19685,10003,0
�R�R�i�b�c���[��,150cc,DLC1,data\images_person0\DLC1_frame\2022 07 01 21 21 02@30054941ms.png,18981,10462,13822,10717,7638,8917,1108,10662,13126,19703,9958,18436
�`���R�}�E���e��,mirror,DLC1,data\images_person0\DLC1_frame\2022 07 01 21 21 02@3009786ms.png,9987,8921,13526,17324,10847,18926,9155,10859,10700,15520,10877,10769
���[���[�J���g���[,150cc,DLC1,data\images_person0\DLC1_frame\2022 07 01 21 21 02@30278052ms.png,19000,10447,13818,10737,1644,8916,1126,19717,18440,12641,13972,0
�p���v�����i�[�h,150cc,DLC1,data\images_person0\DLC1_frame\2022 07 01 21 21 02@30471775ms.png,19014,10441,13802,10752,7666,8921,1124,19736,18413,12647,13971,17217
�r�b�O�u���[,150cc,DLC1,data\images_person0\DLC1_frame\2022 07 01 21 21 02@30705764ms.png,19009,10453,13795,10745,8911,1139,19741,18429,12667,13954,17239,0
�L�m�s�I�n�[�o�[,150cc,DLC1,data\images_person0\DLC1_frame\2022 07 01 21 21 02@30912429ms.png,19013,10446,13769,10741,8905,1155,19761,18439,12665,13960,17256,12493
�h�b�X��������,150cc,DLC1,data\images_person0\DLC1_frame\2022 07 01 21 21 02@31150883ms.png,19033,10445,13788,10734,8899,1153,19776,18444,12670,13958,17235,9512
���{�����[�h,150cc,DLC1,data\images_person0\DLC1_frame\2022 07 01 21 21 02@31389963ms.png,19015,10427,13801,8925,1155,19777,12664,13986,9507,10140,10658,12613
�`���R�}�E���e��,150cc,DLC1,data\images_person0\DLC1_frame\2022 07 01 21 21 02@31628028ms.png,19033,10429,13817,19790,12652,13957,9516,10155,10654,12627,0,0
�l�I�N�b�p�V�e�B,150cc,DLC1,data\images_person0\DLC1_frame\2022 07 01 21 21 02@31854833ms.png,19006,13814,19791,12682,13961,9541,10174,10650,12601,15501,9453,0
�V���C���{�[���[�h,150cc,DLC1,data\images_person0\DLC1_frame\2022 07 01 21 21 02@32078912ms.png,18984,13831,19774,12706,13971,9555,10182,10651,15525,9446,16994,10372
�����������g��,150cc,DLC1,data\images_person0\DLC1_frame\2022 07 01 21 21 02@3224615ms.png,8932,13503,17315,10859,18935,9158,10886,10678,15542,10864,13674,0
�~���[�g�V�e�B,150cc,DLC1,data\images_person0\DLC1_frame\2022 07 01 21 21 02@32272443ms.png,18980,13839,19741,12701,13994,9552,10180,10674,15520,9439,17016,10390
�}���I�J�[�g�X�^�W�A��,150cc,DLC1,data\images_person0\DLC1_frame\2022 07 01 21 21 02@32503903ms.png,46121,2129,1769,99498,1183,22663,9567,4892,2373,1305,19731,2592
�s�[�`�T�[�L�b�g,200cc,DLC1,data\images_person0\DLC1_frame\2022 07 01 21 21 02@32705210ms.png,2138,1763,99505,0,9553,4895,2388,1318,19738,973,1789,0
�~���[�g�V�e�B,150cc,DLC1,data\images_person0\DLC1_frame\2022 07 01 21 21 02@32894857ms.png,2138,1770,99522,22693,9549,4907,2385,1333,19753,967,1792,2198
�h���S�����[�h,150cc,DLC1,data\images_person0\DLC1_frame\2022 07 01 21 21 02@343098ms.png,10188,13835,11302,15336,16656,13151,19064,12790,11168,9366,12235,5761
�~���[�g�V�e�B,150cc,DLC1,data\images_person0\DLC1_frame\2022 07 01 21 21 02@3448599ms.png,8939,13509,17336,10852,18942,9184,10891,10667,15548,10846,10518,10305
�l�C�`���[���[�h,150cc,DLC1,data\images_person0\DLC1_frame\2022 07 01 21 21 02@3688059ms.png,8953,13496,17313,10869,18956,9206,10698,15537,10823,10502,10308,10452
���[���[�J���g���[,mirror,DLC1,data\images_person0\DLC1_frame\2022 07 01 21 21 02@3921834ms.png,8949,17318,10865,18975,9217,10681,10834,10523,10303,13535,35611,16634
�T���V���C����������,150cc,DLC1,data\images_person0\DLC1_frame\2022 07 01 21 21 02@4130091ms.png,8954,17315,10878,18981,9213,10665,10812,10518,10308,13557,16655,16953
�~���[�g�V�e�B,150cc,DLC1,data\images_person0\DLC1_frame\2022 07 01 21 21 02@4377199ms.png,8950,10895,18996,9224,10687,10814,10498,13535,16643,13909,9390,15798
�V���[�x�b�g�����h,150cc,DLC1,data\images_person0\DLC1_frame\2022 07 01 21 21 02@4608763ms.png,8976,18976,13537,16631,15801,8469,49496,0,41568,0,0,0
�L�m�s�I�T�[�L�b�g,150cc,DLC1,data\images_person0\DLC1_frame\2022 07 01 21 21 02@4820666ms.png,8995,18967,13545,16630,15820,8469,49511,9762,12112,14180,11578,11369
�L�m�R���b�W�E�F�C,150cc,DLC1,data\images_person0\DLC1_frame\2022 07 01 21 21 02@5024902ms.png,8997,18979,8468,49505,9778,12136,14177,11609,11379,7704,41568,10484
�p�b�N���X���C�_�[,150cc,DLC1,data\images_person0\DLC1_frame\2022 07 01 21 21 02@5219292ms.png,8997,18976,8484,49517,9795,12136,14193,11589,11354,7703,41586,10482
�p���v�����i�[�h,150cc,DLC1,data\images_person0\DLC1_frame\2022 07 01 21 21 02@5458457ms.png,8996,18987,8481,49534,9781,12130,14189,11614,11360,7723,41586,10467
���[���[�J���g���[,150cc,DLC1,data\images_person0\DLC1_frame\2022 07 01 21 21 02@568979ms.png,10192,13857,11333,15310,13154,19045,11152,9368,12244,5761,16838,0
�����������g��,150cc,DLC1,data\images_person0\DLC1_frame\2022 07 01 21 21 02@5690525ms.png,19003,49509,9794,12144,14167,0,11334,7729,41605,10461,14319,13838
�h���t�B���݂���,150cc,DLC1,data\images_person0\DLC1_frame\2022 07 01 21 21 02@5902012ms.png,19011,9794,14151,11347,7745,10448,14293,14229,9184,0,0,0
�X�J�C�K�[�f��,150cc,DLC1,data\images_person0\DLC1_frame\2022 07 01 21 21 02@6120520ms.png,19015,9796,14149,11323,7747,10476,14272,14246,9197,10172,10445,10774
�V���[�x�b�g�����h,mirror,DLC1,data\images_person0\DLC1_frame\2022 07 01 21 21 02@6357780ms.png,19023,9820,14174,11302,7745,10482,14256,14250,9204,10170,10461,10750
���b�V�[�T�[�L�b�g,150cc,DLC1,data\images_person0\DLC1_frame\2022 07 01 21 21 02@6594865ms.png,19040,9845,14154,11281,7747,10484,14271,14249,9222,10169,10472,7668
�X�J�C�K�[�f��,150cc,DLC1,data\images_person0\DLC1_frame\2022 07 01 21 21 02@6816607ms.png,19016,9860,11280,7770,10467,14289,14234,9235,10167,10500,7680,13601
�L�m�s�I�T�[�L�b�g,150cc,DLC1,data\images_person0\DLC1_frame\2022 07 01 21 21 02@7035597ms.png,19033,9880,11263,7790,14264,14253,9237,10506,7682,13596,0,0
�R�R�i�b�c���[��,150cc,DLC1,data\images_person0\DLC1_frame\2022 07 01 21 21 02@7208478ms.png,19050,9879,11280,7786,14263,14234,9224,10507,7699,13615,9684,16228
�T���V���C����������,150cc,DLC1,data\images_person0\DLC1_frame\2022 07 01 21 21 02@7416996ms.png,19058,9896,11290,7792,14243,14223,9223,10514,7694,13635,9663,16249
�~���[�g�V�e�B,150cc,DLC1,data\images_person0\DLC1_frame\2022 07 01 21 21 02@758522ms.png,10188,13839,11364,15323,13176,19012,11166,9373,12245,5761,16837,12775
�p�b�N���X���C�_�[,150cc,DLC1,data\images_person0\DLC1_frame\2022 07 01 21 21 02@7642164ms.png,19071,9881,11295,7798,14248,9241,10516,7693,13621,9698,16260,0
�R�R�i�b�c���[��,150cc,DLC1,data\images_person0\DLC1_frame\2022 07 01 21 21 02@7867156ms.png,19089,9866,11275,7816,14250,9262,10520,7692,13640,9700,16244,12649
�l�I�N�b�p�V�e�B,150cc,DLC1,data\images_person0\DLC1_frame\2022 07 01 21 21 02@8083402ms.png,19065,11280,7811,14244,9264,10512,7716,13646,9717,16260,12676,16404
�G�L�T�C�g�o�C�N,150cc,DLC1,data\images_person0\DLC1_frame\2022 07 01 21 21 02@81635ms.png,10177,13861,18444,11279,15310,9966,16682,14689,13156,10740,19050,12780
�}���I�J�[�g�X�^�W�A��,mirror,DLC1,data\images_person0\DLC1_frame\2022 07 01 21 21 02@8293818ms.png,19046,11295,7807,9286,7723,13652,9711,12673,16425,0,0,0
���b�V�[�o���[,mirror,DLC1,data\images_person0\DLC1_frame\2022 07 01 21 21 02@8512500ms.png,19014,11284,7817,9288,7743,13670,12653,16426,13043,10616,14092,0
�r�b�O�u���[,150cc,DLC1,data\images_person0\DLC1_frame\2022 07 01 21 21 02@8755905ms.png,19032,11265,7822,7760,13685,12626,16431,13042,10605,14112,6814,0
GBA�X�J�C�K�[�f��,150cc,DLC1,data\images_person0\DLC1_frame\2022 07 01 21 21 02@8922506ms.png,19045,11245,7838,7760,13678,12643,16453,13014,10599,14121,6887,10575
�G�L�T�C�g�o�C�N,150cc,DLC1,data\images_person0\DLC1_frame\2022 07 01 21 21 02@9131863ms.png,19063,11260,7840,7752,13654,12635,16445,12996,10624,14121,6912,10585
GBA�}���I�T�[�L�b�g,150cc,DLC1,data\images_person0\DLC1_frame\2022 07 01 21 21 02@9336684ms.png,19081,11285,7839,7744,13660,12631,16451,12982,14137,6910,10582,0
�n�C�����T�[�L�b�g,150cc,DLC1,data\images_person0\DLC1_frame\2022 07 01 21 21 02@9537428ms.png,19093,7863,7744,13647,12659,16440,12987,14135,6904,10596,8843,0
�s�[�`�T�[�L�b�g,150cc,DLC1,data\images_person0\DLC1_frame\2022 07 01 21 21 02@973317ms.png,10188,13851,11385,15342,13174,18988,11146,16834,12784,10428,10636,10986
�����������g��,150cc,DLC1,data\images_person0\DLC1_frame\2022 07 01 21 21 02@9757858ms.png,19075,7879,7744,13639,12675,16462,13008,14132,6925,10579,8833,7797
�`���R�}�E���e��,mirror,DLC1,data\images_person0\DLC1_frame\2022 07 01 21 21 02@9961503ms.png,19093,13644,12651,16444,12999,14142,6935,10585,8822,7820,0,0
�����I�X�^�W�A��,150cc,DLC1,data\images_person0\DLC1_frame\�y�}���J8DX�z���[�g2���ϋv�y�e�X�g�z�M�z@1106ms.png,10541,23627,12543,14872,8893,13838,19442,10640,9377,12437,13538,0
�~���[�g�V�e�B,150cc,DLC1,data\images_person0\DLC1_frame\�y�}���J8DX�z���[�g2���ϋv�y�e�X�g�z�M�z@1176021ms.png,10494,23565,12547,14934,8959,19888,19480,12414,17734,13512,0,0
�X�C�[�c�L���j�I��,150cc,DLC1,data\images_person0\DLC1_frame\�y�}���J8DX�z���[�g2���ϋv�y�e�X�g�z�M�z@1386676ms.png,10479,23560,12579,14956,8982,19875,19485,12398,17716,13512,10027,0
�`�N�^�N���b�N,150cc,DLC1,data\images_person0\DLC1_frame\�y�}���J8DX�z���[�g2���ϋv�y�e�X�g�z�M�z@1602372ms.png,10482,23532,12572,14979,8974,19896,19479,12385,17723,13531,10041,13652
�����I�X�m�[�}�E���e��,150cc,DLC1,data\images_person0\DLC1_frame\�y�}���J8DX�z���[�g2���ϋv�y�e�X�g�z�M�z@1806652ms.png,23521,12569,15007,8970,19912,19490,12392,13516,13667,10466,0,0
�p���v�����i�[�h,150cc,DLC1,data\images_person0\DLC1_frame\�y�}���J8DX�z���[�g2���ϋv�y�e�X�g�z�M�z@2026967ms.png,23528,12551,15035,8985,19898,19494,12393,13492,13655,10492,3455,8361
�˂���}���V����,150cc,DLC1,data\images_person0\DLC1_frame\�y�}���J8DX�z���[�g2���ϋv�y�e�X�g�z�M�z@2229894ms.png,23531,12541,15061,9009,19913,19494,12368,13491,13649,10483,9467,8356
�����I��������,150cc,DLC1,data\images_person0\DLC1_frame\�y�}���J8DX�z���[�g2���ϋv�y�e�X�g�z�M�z@230731ms.png,10522,23629,12547,14878,8916,19858,19431,10666,9375,12429,13518,17725
�v�N�v�N�r�[�`,150cc,DLC1,data\images_person0\DLC1_frame\�y�}���J8DX�z���[�g2���ϋv�y�e�X�g�z�M�z@2470929ms.png,23516,12521,15072,19928,19490,12354,13509,13677,10479,9456,8374,0
�j���j���h�[�W���[,mirror,DLC1,data\images_person0\DLC1_frame\�y�}���J8DX�z���[�g2���ϋv�y�e�X�g�z�M�z@2680241ms.png,23498,12547,15045,1978,12335,13506,13679,10491,9454,8395,89614,0
�l�I�N�b�p�V�e�B,150cc,DLC1,data\images_person0\DLC1_frame\�y�}���J8DX�z���[�g2���ϋv�y�e�X�g�z�M�z@2898750ms.png,23515,12556,15040,19952,12361,13664,10498,9444,8420,16589,0,0
�s�[�`�T�[�L�b�g,150cc,DLC1,data\images_person0\DLC1_frame\�y�}���J8DX�z���[�g2���ϋv�y�e�X�g�z�M�z@3102178ms.png,23505,12561,15060,19937,12348,13674,10519,9434,8417,16613,0,0
�V���[�x�b�g�����h,150cc,DLC1,data\images_person0\DLC1_frame\�y�}���J8DX�z���[�g2���ϋv�y�e�X�g�z�M�z@3320634ms.png,23522,15080,19939,12337,13690,10524,9437,8432,16584,9774,12827,0
�T���V���C����������,150cc,DLC1,data\images_person0\DLC1_frame\�y�}���J8DX�z���[�g2���ϋv�y�e�X�g�z�M�z@3531018ms.png,23539,15100,19926,12341,13707,10509,9425,8431,16568,9792,12825,0
�n�C�����T�[�L�b�g,150cc,DLC1,data\images_person0\DLC1_frame\�y�}���J8DX�z���[�g2���ϋv�y�e�X�g�z�M�z@3756917ms.png,23552,15125,19921,13689,10521,9417,8440,16552,9809,12843,6088,0
�����I�X�^�W�A��,150cc,DLC1,data\images_person0\DLC1_frame\�y�}���J8DX�z���[�g2���ϋv�y�e�X�g�z�M�z@3976757ms.png,23559,15149,19936,13696,10537,9423,8441,16522,9818,12827,6097,0
�����I�X�m�[�}�E���e��,mirror,DLC1,data\images_person0\DLC1_frame\�y�}���J8DX�z���[�g2���ϋv�y�e�X�g�z�M�z@4209930ms.png,23563,15168,19935,0,10535,9430,8438,16534,9816,12805,6093,0
�����������g��,150cc,DLC1,data\images_person0\DLC1_frame\�y�}���J8DX�z���[�g2���ϋv�y�e�X�g�z�M�z@4445559ms.png,23580,15188,19917,13695,970,8432,16524,9837,12818,6112,9907,0
�X�C�[�c�L���j�I��,150cc,DLC1,data\images_person0\DLC1_frame\�y�}���J8DX�z���[�g2���ϋv�y�e�X�g�z�M�z@4677851ms.png,23593,15188,19908,13712,9433,8431,9866,12831,6121,9920,15109,0
�h���t�B���݂���,mirror,DLC1,data\images_person0\DLC1_frame\�y�}���J8DX�z���[�g2���ϋv�y�e�X�g�z�M�z@479511ms.png,10532,23609,12532,14905,8908,19845,19442,10680,9368,12430,13532,17742
�`�[�Y�����h,150cc,DLC1,data\images_person0\DLC1_frame\�y�}���J8DX�z���[�g2���ϋv�y�e�X�g�z�M�z@4913741ms.png,23610,15207,19916,13722,9441,8446,9865,12815,6121,15101,9695,0
�}���I�J�[�g�X�^�W�A��,150cc,DLC1,data\images_person0\DLC1_frame\�y�}���J8DX�z���[�g2���ϋv�y�e�X�g�z�M�z@5138456ms.png,23623,15212,19921,13704,9440,8476,9855,12809,6133,15100,9715,0
�w�C�z�[��������,150cc,DLC1,data\images_person0\DLC1_frame\�y�}���J8DX�z���[�g2���ϋv�y�e�X�g�z�M�z@5343350ms.png,15217,19940,13686,956,8481,3860,12827,6156,15076,9725,10832,0
SFC���C���{�[���[�h,150cc,DLC1,data\images_person0\DLC1_frame\�y�}���J8DX�z���[�g2���ϋv�y�e�X�g�z�M�z@5571594ms.png,19957,13686,9471,8470,3812,12833,6154,15065,9749,10852,10689,0
DK�W�����O��,mirror,DLC1,data\images_person0\DLC1_frame\�y�}���J8DX�z���[�g2���ϋv�y�e�X�g�z�M�z@5783739ms.png,19950,13676,9482,8458,9863,12855,6159,15086,9764,10876,1067,0
�G�L�T�C�g�o�C�N,150cc,DLC1,data\images_person0\DLC1_frame\�y�}���J8DX�z���[�g2���ϋv�y�e�X�g�z�M�z@5975020ms.png,19967,13690,9467,8450,3871,12841,6178,15093,10876,10702,974,0
�G���N�g���h���[��,150cc,DLC1,data\images_person0\DLC1_frame\�y�}���J8DX�z���[�g2���ϋv�y�e�X�g�z�M�z@6198606ms.png,19979,9461,8443,9855,12828,6199,15115,10878,10711,9750,10998,0
�L�m�s�I�n�[�o�[,150cc,DLC1,data\images_person0\DLC1_frame\�y�}���J8DX�z���[�g2���ϋv�y�e�X�g�z�M�z@6441043ms.png,19955,9458,8448,9842,12843,6232,15130,10892,10719,9733,11000,10208
�`���R�}�E���e��,150cc,DLC1,data\images_person0\DLC1_frame\�y�}���J8DX�z���[�g2���ϋv�y�e�X�g�z�M�z@6680530ms.png,19944,9442,8446,9841,12854,6230,15147,10911,10703,9760,11003,10217
�n�C�����T�[�L�b�g,200cc,DLC1,data\images_person0\DLC1_frame\�y�}���J8DX�z���[�g2���ϋv�y�e�X�g�z�M�z@6903716ms.png,9828,10503,10485,11093,10620,16387,10988,9698,10977,10300,19911,0
�h���S�����[�h,150cc,DLC1,data\images_person0\DLC1_frame\�y�}���J8DX�z���[�g2���ϋv�y�e�X�g�z�M�z@7113362ms.png,9838,10518,10473,11112,10624,16355,10967,9699,0,10294,19928,11532
�l�C�`���[���[�h,150cc,DLC1,data\images_person0\DLC1_frame\�y�}���J8DX�z���[�g2���ϋv�y�e�X�g�z�M�z@711775ms.png,10523,23622,12538,14933,8910,19846,19453,9378,12411,13507,17731,0
�p���v�����i�[�h,150cc,DLC1,data\images_person0\DLC1_frame\�y�}���J8DX�z���[�g2���ϋv�y�e�X�g�z�M�z@7363697ms.png,9829,10493,11117,10620,16374,9703,11028,19899,11520,9462,0,0
�l�C�`���[���[�h,150cc,DLC1,data\images_person0\DLC1_frame\�y�}���J8DX�z���[�g2���ϋv�y�e�X�g�z�M�z@7594548ms.png,9819,10512,11130,10627,16393,3697,11028,19910,11495,9461,0,0
���{�����[�h,150cc,DLC1,data\images_person0\DLC1_frame\�y�}���J8DX�z���[�g2���ϋv�y�e�X�g�z�M�z@7806974ms.png,11110,10656,9706,11022,19921,11512,9475,7845,8705,3823,0,0
�p�b�N���X���C�_�[,150cc,DLC1,data\images_person0\DLC1_frame\�y�}���J8DX�z���[�g2���ϋv�y�e�X�g�z�M�z@944706ms.png,10506,23599,12543,14945,8938,19867,19464,9381,12393,13504,17732,0
�~���[�g�V�e�B,150cc,DLC1,data\images_person0\DLC1_frame\�y�}���J8DX�z���[�g2���ϋv�i�g���Ē����j�y�e�X�g�z�M�z@228847ms.png,11089,10665,11088,19968,9466,7854,8727,9786,9330,9341,2330,10007
�R�R�i�b�c���[��,150cc,DLC1,data\images_person0\DLC1_frame\�y�}���J8DX�z���[�g2���ϋv�i�g���Ē����j�y�e�X�g�z�M�z@451776ms.png,11066,10673,11085,19981,9455,7856,8742,9355,9346,2358,9998,0
�G���N�g���h���[��,150cc,DLC1,data\images_person0\DLC1_frame\�y�}���J8DX�z���[�g2���ϋv�i�g���Ē����j�y�e�X�g�z�M�z@670752ms.png,11093,10689,11090,19992,9441,7860,8735,9350,9328,2374,9050,0
�}���I�J�[�g�X�^�W�A��,150cc,DLC1,data\images_person0\DLC1_frame\�y�}���J8DX�z���[�g2���ϋv�i�g���Ē����j�y�e�X�g�z�M�z@7584ms.png,11066,10649,11090,19952,9478,7852,8718,9804,9318,10065,0,0
�n�C�����T�[�L�b�g,150cc,DLC1,"data\images_person0\DLC1_frame\���[�g�� 20,694_@1013ms.png",20646,30066,20620,21831,34048,9489,30348,26669,86116,26789,30291,0
�l�C�`���[���[�h,150cc,DLC1,"data\images_person0\DLC1_frame\���[�g�� 20,694_@212262ms.png",20653,30042,20632,21821,9484,30341,26692,86133,26806,30278,20841,0
�n�C�����T�[�L�b�g,200cc,DLC1,"data\images_person0\DLC1_frame\���[�g�� 20,694_@379823ms.png",20676,20638,21848,9484,30348,26675,86129,26832,30269,20835,26689,0
���b�N���b�N�}�E���e��,150cc,DLC1,"data\images_person0\DLC1_frame\���[�g�� 20,694_@565890ms.png",20708,20665,21844,9478,30360,26671,86128,26817,30275,20842,26669,40050
�V���[�x�b�g�����h,150cc,DLC1,"data\images_person0\DLC1_frame\���[�g�� 20,694_@804968ms.png",20679,21877,9477,30339,26693,86121,26809,30270,26681,40059,19220,0
���[���[�J���g���[,150cc,DLC2,data\images_person0\DLC2\�`�������W�����[�g��2022_10_29@10143930ms.png,30045,23226,23011,25541,22828,28934,25346,25834,32144,25896,23991,22186
�}���I�T�[�L�b�g3,150cc,DLC2,data\images_person0\DLC2\�`�������W�����[�g��2022_10_29@10343901ms.png,30027,23233,22998,25535,22851,28903,25325,25858,32135,25905,24024,22204
���b�N���b�N�}�E���e��,150cc,DLC2,data\images_person0\DLC2\�`�������W�����[�g��2022_10_29@10541155ms.png,30000,23250,22995,25560,28907,25862,25903,24014,22238,0,0,0
�V���[�x�b�g�����h,mirror,DLC2,data\images_person0\DLC2\�`�������W�����[�g��2022_10_29@10774834ms.png,23252,23008,25548,28885,25877,25924,24009,22247,26288,25266,0,0
�h���t�B���݂���,150cc,DLC2,data\images_person0\DLC2\�`�������W�����[�g��2022_10_29@10996764ms.png,23240,23016,25563,28876,25899,23990,22262,26278,29561,34833,22872,0
�L�m�R�L���j�I��,150cc,DLC2,data\images_person0\DLC2\�`�������W�����[�g��2022_10_29@11230932ms.png,23273,23015,28852,24000,22290,26278,34814,22894,0,0,0,0
�G�L�T�C�g�o�C�N,150cc,DLC2,data\images_person0\DLC2\�`�������W�����[�g��2022_10_29@11439224ms.png,23290,23016,28871,23990,26287,34826,22890,22584,42778,27064,21737,0
�����C�[�W�s���{�[��,200cc,DLC2,data\images_person0\DLC2\�`�������W�����[�g��2022_10_29@11656236ms.png,23273,23010,26282,34804,22907,22606,42794,27063,21766,44305,51292,0
GBA�}���I�T�[�L�b�g,150cc,DLC2,data\images_person0\DLC2\�`�������W�����[�g��2022_10_29@11881411ms.png,23284,23016,26311,34786,22885,22624,27059,21790,44278,51304,30620,0
���{�����[�h,150cc,DLC2,data\images_person0\DLC2\�`�������W�����[�g��2022_10_29@6898101ms.png,34670,23521,30126,23015,27552,31539,30563,0,39698,28992,35713,0
�n�C�����T�[�L�b�g,150cc,DLC2,data\images_person0\DLC2\�`�������W�����[�g��2022_10_29@7045354ms.png,34644,30115,23040,27549,30563,39710,28999,35692,26721,23261,40640,0
N64�J���J�����΂�,150cc,DLC2,data\images_person0\DLC2\�`�������W�����[�g��2022_10_29@7242895ms.png,34625,30096,23044,27553,39729,29008,35698,26743,23258,40653,27068,42773
�v�N�v�N�r�[�`,150cc,DLC2,data\images_person0\DLC2\�`�������W�����[�g��2022_10_29@7437786ms.png,34621,30125,23075,27571,39725,28999,26730,23274,40663,27065,42744,30047
�˂���}���V����,150cc,DLC2,data\images_person0\DLC2\�`�������W�����[�g��2022_10_29@7648496ms.png,34610,30139,23072,27576,39697,28983,23256,40654,27087,42762,30071,27796
�h�[�i�c�ւ���,150cc,DLC2,data\images_person0\DLC2\�`�������W�����[�g��2022_10_29@7858092ms.png,34605,30118,23089,27583,39702,29004,23258,40668,27064,30056,27787,22922
�O���O��������,150cc,DLC2,data\images_person0\DLC2\�`�������W�����[�g��2022_10_29@8051180ms.png,30125,23085,27588,39692,28997,23243,40681,27050,30083,27807,22941,25486
�s�[�`�T�[�L�b�g,150cc,DLC2,data\images_person0\DLC2\�`�������W�����[�g��2022_10_29@8311076ms.png,30107,23086,27597,28994,23238,27029,22972,25503,48325,22810,37007,28950
�v�N�v�N�r�[�`,150cc,DLC2,data\images_person0\DLC2\�`�������W�����[�g��2022_10_29@8555349ms.png,30098,23095,27595,28981,23258,27053,22986,25525,48291,22799,37026,28926
�N�b�p�L���b�X��,150cc,DLC2,data\images_person0\DLC2\�`�������W�����[�g��2022_10_29@8766951ms.png,30069,23079,27578,28987,23267,27042,23006,25522,48303,22804,37044,28942
�R�R�i�b�c���[��,150cc,DLC2,data\images_person0\DLC2\�`�������W�����[�g��2022_10_29@9015690ms.png,30055,23094,27571,29013,23256,27016,23011,25503,48306,22814,37059,28958
�V���C���{�[���[�h,150cc,DLC2,data\images_person0\DLC2\�`�������W�����[�g��2022_10_29@9243818ms.png,30065,23094,27544,28990,23251,27034,23026,25530,48322,22803,37054,28954
�N�b�p�L���b�X��,200cc,DLC2,data\images_person0\DLC2\�`�������W�����[�g��2022_10_29@9469047ms.png,30064,23078,23240,27053,23041,25526,48334,22798,37045,28926,25334,25854
�c���c���c�C�X�^�[,150cc,DLC2,data\images_person0\DLC2\�`�������W�����[�g��2022_10_29@9687625ms.png,30054,23091,23248,23019,25517,48351,22818,37035,28946,25355,25833,32111
���b�N���b�N�}�E���e��,150cc,DLC2,data\images_person0\DLC2\�`�������W�����[�g��2022_10_29@9920991ms.png,30044,23242,23033,25549,48358,22837,28942,25342,25814,32128,25882,0
�p���v�����i�[�h,150cc,DLC2,data\images_person0\DLC2\���[�g�� with �Ă�܂���2022_11_08@1147862ms.png,15484,8122,15991,17935,20704,17484,17154,15971,10538,10533,0,0
�����I�X�^�W�A��,mirror,DLC2,data\images_person0\DLC2\���[�g�� with �Ă�܂���2022_11_08@1378415ms.png,15492,8121,15993,17954,20723,17471,17167,15967,10535,10519,23302,18495
�ǂ��Ԃ̐X,mirror,DLC2,data\images_person0\DLC2\���[�g�� with �Ă�܂���2022_11_08@1600377ms.png,15512,8151,16002,17930,20745,17473,17153,15965,10521,10514,23306,1729
�n�C�����T�[�L�b�g,150cc,DLC2,data\images_person0\DLC2\���[�g�� with �Ă�܂���2022_11_08@1798606ms.png,15504,8146,16019,17930,20736,17499,15951,10540,10507,23319,18546,1729
�h�b�X��������,150cc,DLC2,data\images_person0\DLC2\���[�g�� with �Ă�܂���2022_11_08@2043390ms.png,8150,16015,20742,17520,15959,10532,23328,18545,14829,14140,15394,26239
�G�L�T�C�g�o�C�N,150cc,DLC2,data\images_person0\DLC2\���[�g�� with �Ă�܂���2022_11_08@21058ms.png,15498,8021,12942,15949,10836,9846,17949,20724,17522,20755,2534,23247
�x�r�B�p�[�N,mirror,DLC2,data\images_person0\DLC2\���[�g�� with �Ă�܂���2022_11_08@2291332ms.png,8149,15989,20759,17502,10558,23309,18556,14829,14136,15404,12502,0
�h���t�B���݂���,150cc,DLC2,data\images_person0\DLC2\���[�g�� with �Ă�܂���2022_11_08@243408ms.png,15486,8049,12948,15962,10825,9854,17964,20710,17527,2535,23265,0
�N�b�p�L���b�X��,150cc,DLC2,data\images_person0\DLC2\���[�g�� with �Ă�܂���2022_11_08@2475013ms.png,8144,16006,20763,17528,10563,23322,18558,14820,14139,12484,26291,16339
�h���S�����[�h,150cc,DLC2,data\images_person0\DLC2\���[�g�� with �Ă�܂���2022_11_08@2723738ms.png,8150,15986,20766,17530,10557,23290,18583,14821,14166,12508,26294,16332
�L�m�s�I�n�[�o�[,150cc,DLC2,data\images_person0\DLC2\���[�g�� with �Ă�܂���2022_11_08@2961241ms.png,8145,20783,17537,10578,23276,14821,14172,12496,26302,16320,15571,14307
�h���S�����[�h,150cc,DLC2,data\images_person0\DLC2\���[�g�� with �Ă�܂���2022_11_08@3255056ms.png,20752,10572,23295,14816,14188,12489,26292,16323,15590,0,0,0
DK�W�����O��,150cc,DLC2,data\images_person0\DLC2\���[�g�� with �Ă�܂���2022_11_08@3897844ms.png,8964,8777,24270,8584,2045,13559,15603,8122,7768,6480,8160,23308
�n�C�����T�[�L�b�g,150cc,DLC2,data\images_person0\DLC2\���[�g�� with �Ă�܂���2022_11_08@4151523ms.png,8983,8762,24288,8574,2077,13568,15601,8117,7771,8173,23297,0
�}���I�T�[�L�b�g3,150cc,DLC2,data\images_person0\DLC2\���[�g�� with �Ă�܂���2022_11_08@4371983ms.png,8978,8749,24301,8565,2089,13575,15596,8136,7772,8200,23294,0
�O���O��������,150cc,DLC2,data\images_person0\DLC2\���[�g�� with �Ă�܂���2022_11_08@4581041ms.png,8991,8751,24298,8584,2105,15618,8132,8223,23276,13546,8990,8534
�r�b�O�u���[,150cc,DLC2,data\images_person0\DLC2\���[�g�� with �Ă�܂���2022_11_08@4796756ms.png,8977,8741,24306,8593,2130,15640,8134,8237,23290,13530,8994,8528
�}���I�J�[�g�X�^�W�A��,150cc,DLC2,data\images_person0\DLC2\���[�g�� with �Ă�܂���2022_11_08@481669ms.png,15502,8049,12962,15955,17966,20724,17503,2544,23283,30787,10867,0
�x�r�B�p�[�N,150cc,DLC2,data\images_person0\DLC2\���[�g�� with �Ă�܂���2022_11_08@5011716ms.png,8999,8731,24310,8613,2145,15610,8141,23284,13553,8987,12340,9030
�r�b�O�u���[,150cc,DLC2,data\images_person0\DLC2\���[�g�� with �Ă�܂���2022_11_08@5179955ms.png,9015,8721,24328,8608,2166,15627,8129,23274,13567,8996,12327,9031
�A�C�X�r���f�B���O,150cc,DLC2,data\images_person0\DLC2\���[�g�� with �Ă�܂���2022_11_08@5368041ms.png,9035,8738,24323,8606,2167,15650,8118,23264,13586,9008,12309,9032
DK�W�����O��,mirror,DLC2,data\images_person0\DLC2\���[�g�� with �Ă�܂���2022_11_08@5586655ms.png,8728,24341,8622,2182,15648,23272,13576,9031,12296,9043,6828,0
���b�N���b�N�}�E���e��,150cc,DLC2,data\images_person0\DLC2\���[�g�� with �Ă�܂���2022_11_08@5827907ms.png,8720,24353,2200,15644,23290,13584,9026,9047,6849,7935,7603,0
�V�h�j�[�T���V���C��,200cc,DLC2,data\images_person0\DLC2\���[�g�� with �Ă�܂���2022_11_08@6068009ms.png,8711,24362,2200,23275,13588,9046,9048,6876,7949,7610,8738,7875
�X�m�[�����h,150cc,DLC2,data\images_person0\DLC2\���[�g�� with �Ă�܂���2022_11_08@6256422ms.png,8695,24351,2221,23293,13595,9034,9040,6900,7958,7629,8734,7876
�z�l�z�l���΂�,150cc,DLC2,data\images_person0\DLC2\���[�g�� with �Ă�܂���2022_11_08@6480886ms.png,8709,24369,2235,23302,13565,9029,6913,7948,7653,8740,7871,8264
�p�b�N���X���C�_�[,150cc,DLC2,data\images_person0\DLC2\���[�g�� with �Ă�܂���2022_11_08@6725318ms.png,8720,2250,23320,13563,6937,7964,8728,8261,5658,0,0,0
�r�b�O�u���[,150cc,DLC2,data\images_person0\DLC2\���[�g�� with �Ă�܂���2022_11_08@693969ms.png,15487,8081,12955,15950,17965,20699,17519,23287,10879,17150,15936,0
�����������g��,150cc,DLC2,data\images_person0\DLC2\���[�g�� with �Ă�܂���2022_11_08@6986400ms.png,23335,7958,8736,8250,8288,7523,8425,7743,8732,0,0,0
���b�N���b�N�}�E���e��,150cc,DLC2,data\images_person0\DLC2\���[�g�� with �Ă�܂���2022_11_08@7213775ms.png,23345,8240,8298,7524,8409,8736,7866,7571,3121,0,0,0
�A�C�X�r���f�B���O,mirror,DLC2,data\images_person0\DLC2\���[�g�� with �Ă�܂���2022_11_08@892152ms.png,15483,8104,15968,17964,20720,17501,23284,17138,15960,10548,10528,0
�G�L�T�C�g�o�C�N,150cc,DLC2,data\images_person0\DLC2\���[�g�� with �V�F��������2022_11_02@1144480ms.png,22821,23065,31123,36348,84650,21811,22059,23170,26341,27845,27586,49089
���{�����[�h,mirror,DLC2,data\images_person0\DLC2\���[�g�� with �V�F��������2022_11_02@1350869ms.png,22805,31114,36345,84666,21836,22064,23184,26325,27833,49102,24575,28182
�X�m�[�����h,200cc,DLC2,data\images_person0\DLC2\���[�g�� with �V�F��������2022_11_02@1585572ms.png,22830,31113,36347,21821,22054,23178,26300,27855,49107,24577,28175,23694
�c���c���c�C�X�^�[,150cc,DLC2,data\images_person0\DLC2\���[�g�� with �V�F��������2022_11_02@1744473ms.png,22864,31121,36347,21800,22058,23171,26319,27846,49119,24584,28151,23681
�X�C�[�c�L���j�I��,150cc,DLC2,data\images_person0\DLC2\���[�g�� with �V�F��������2022_11_02@1954209ms.png,22858,31120,36351,21835,23149,26328,27843,49131,24570,28142,23704,3551
�h�b�X��������,150cc,DLC2,data\images_person0\DLC2\���[�g�� with �V�F��������2022_11_02@2827240ms.png,26420,27871,49127,22794,44373,23038,24362,31586,36346,24215,22871,26337
N64�J���J�����΂�,150cc,DLC2,data\images_person0\DLC2\���[�g�� with �V�F��������2022_11_02@284071ms.png,22739,23064,31100,36382,84638,21751,22100,23140,46497,26347,27801,27655
�V���C���{�[���[�h,150cc,DLC2,data\images_person0\DLC2\���[�g�� with �V�F��������2022_11_02@3051038ms.png,26436,27864,49140,22784,44369,23063,24395,31590,22875,26317,23152,36206
SFC���C���{�[���[�h,150cc,DLC2,data\images_person0\DLC2\���[�g�� with �V�F��������2022_11_02@3266991ms.png,26440,27837,49120,22797,44355,23087,24412,31571,22878,26348,23181,36180
�G���N�g���h���[��,150cc,DLC2,data\images_person0\DLC2\���[�g�� with �V�F��������2022_11_02@3449082ms.png,0,49132,22802,44355,23096,24389,31584,22867,26363,23180,36201,3562
�~���[�W�b�N�p�[�N,150cc,DLC2,data\images_person0\DLC2\���[�g�� with �V�F��������2022_11_02@3669722ms.png,49144,22785,44373,23084,24395,31574,22879,26378,23171,36212,3576,31835
�R�R�i�b�c���[��,150cc,DLC2,data\images_person0\DLC2\���[�g�� with �V�F��������2022_11_02@3895181ms.png,49124,22772,44383,23091,24427,31546,22906,26387,23188,36205,3577,31826
�l�C�`���[���[�h,150cc,DLC2,data\images_person0\DLC2\���[�g�� with �V�F��������2022_11_02@4107556ms.png,49113,22755,44396,23104,24459,31560,22915,23186,3602,31811,25002,17739
�E�H�[�^�[�p�[�N,150cc,DLC2,data\images_person0\DLC2\���[�g�� with �V�F��������2022_11_02@4316625ms.png,49098,22781,44397,23090,24474,31572,22895,23186,3600,31833,25007,17735
�h���S�����[�h,150cc,DLC2,data\images_person0\DLC2\���[�g�� with �V�F��������2022_11_02@4512135ms.png,49110,22767,44396,23081,24474,31546,22901,23162,3612,31846,25036,17756
�����������g��,200cc,DLC2,data\images_person0\DLC2\���[�g�� with �V�F��������2022_11_02@4710915ms.png,49127,22759,44396,23107,24479,31535,22877,23143,3626,31853,25021,17781
���{�����[�h,150cc,DLC2,data\images_person0\DLC2\���[�g�� with �V�F��������2022_11_02@4881273ms.png,49130,22735,44377,23102,31547,22883,23143,3631,31856,25050,17768,20845
���{�����[�h,150cc,DLC2,data\images_person0\DLC2\���[�g�� with �V�F��������2022_11_02@489330ms.png,22773,23048,31119,36380,84641,21776,22090,23139,26322,27808,27642,49130
�L�m�s�I�T�[�L�b�g,150cc,DLC2,data\images_person0\DLC2\���[�g�� with �V�F��������2022_11_02@5078500ms.png,49114,22710,44396,23108,31527,22874,23124,31868,25049,17784,20863,0
���b�V�[�o���[,150cc,DLC2,data\images_person0\DLC2\���[�g�� with �V�F��������2022_11_02@5244219ms.png,49126,22720,44379,31538,22890,23111,31838,25079,17794,20863,38330,0
�����I��������,150cc,DLC2,data\images_person0\DLC2\���[�g�� with �V�F��������2022_11_02@5482021ms.png,49118,22747,44387,31563,22889,23094,31820,25055,17793,20876,38335,23387
���{�����[�h,150cc,DLC2,data\images_person0\DLC2\���[�g�� with �V�F��������2022_11_02@5694160ms.png,49111,22725,44392,31577,22902,23076,31801,25081,17801,20876,38355,23379
�l�I�N�b�p�V�e�B,150cc,DLC2,data\images_person0\DLC2\���[�g�� with �V�F��������2022_11_02@5891830ms.png,49078,22727,44406,31563,22919,23099,31792,25111,17813,20860,38357,23366
N64�J���J�����΂�,150cc,DLC2,data\images_person0\DLC2\���[�g�� with �V�F��������2022_11_02@6110416ms.png,9328,17050,10113,12590,10442,9327,15001,4251,7621,22704,18121,25141
�ǂ��Ԃ̐X,150cc,DLC2,data\images_person0\DLC2\���[�g�� with �V�F��������2022_11_02@6440544ms.png,22323,30951,35374,24553,21462,23919,21994,30331,22708,23101,25159,26372
�h���t�B���݂���,150cc,DLC2,data\images_person0\DLC2\���[�g�� with �V�F��������2022_11_02@6639630ms.png,22320,24584,21481,23946,21997,30328,22689,23092,25168,99028,26372,0
�L�m�s�I�n�C�E�F�C,150cc,DLC2,data\images_person0\DLC2\���[�g�� with �V�F��������2022_11_02@6848439ms.png,22331,24568,21487,23960,22025,22682,23090,25186,99045,26349,25877,20358
�V�h�j�[�T���V���C��,150cc,DLC2,data\images_person0\DLC2\���[�g�� with �V�F��������2022_11_02@698250ms.png,22808,23062,31100,36354,84630,21785,22090,23132,26336,27825,27616,49144
SFC���C���{�[���[�h,150cc,DLC2,data\images_person0\DLC2\���[�g�� with �V�F��������2022_11_02@7078600ms.png,22347,24546,21520,23984,22031,22692,23085,25183,99025,26319,25892,20347
�c���c���c�C�X�^�[,150cc,DLC2,data\images_person0\DLC2\���[�g�� with �V�F��������2022_11_02@7250194ms.png,22349,24534,21553,22049,22698,23095,25160,99032,26300,25913,20345,0
N64�J���J�����΂�,mirror,DLC2,data\images_person0\DLC2\���[�g�� with �V�F��������2022_11_02@7453992ms.png,22324,24563,21559,22076,22713,23081,25154,99029,26313,25890,20341,35549
�l�I�N�b�p�V�e�B,150cc,DLC2,data\images_person0\DLC2\���[�g�� with �V�F��������2022_11_02@7652284ms.png,22305,24551,21562,22109,22720,23077,25167,99036,26294,25897,20320,0
�N�b�p�L���b�X��,150cc,DLC2,data\images_person0\DLC2\���[�g�� with �V�F��������2022_11_02@7847292ms.png,22309,24530,21556,22136,22740,23074,25151,99053,25906,20333,44384,22156
�h���S�����[�h,150cc,DLC2,data\images_person0\DLC2\���[�g�� with �V�F��������2022_11_02@8097512ms.png,22326,21537,22163,23064,99070,25908,20357,44375,22152,35529,33582,0
�ǂ��Ԃ̐X,mirror,DLC2,data\images_person0\DLC2\���[�g�� with �V�F��������2022_11_02@87612ms.png,22721,23064,31123,36387,84642,21715,22110,23145,27456,26325,46488,0
�V���C���{�[���[�h,mirror,DLC2,data\images_person0\DLC2\���[�g�� with �V�F��������2022_11_02@925315ms.png,22792,23056,31119,36355,84647,21811,22079,23136,26351,27827,27608,49112
�L�m�s�I�T�[�L�b�g,150cc,DLC2,data\images_person0\DLC2\���[�g�� with �V�F��������2022_12_04@1106357ms.png,45120,31870,24365,25544,38874,25521,24626,46077,82528,1818,31967,37541
�h���t�B���݂���,150cc,DLC2,data\images_person0\DLC2\���[�g�� with �V�F��������2022_12_04@1288816ms.png,45108,24370,25577,38893,25530,24619,46045,82504,1847,31980,37545,90315
�V�h�j�[�T���V���C��,150cc,DLC2,data\images_person0\DLC2\���[�g�� with �V�F��������2022_12_04@1524301ms.png,30164,33758,53917,25110,26294,30635,23268,20880,19428,0,0,0
�J���J�����΂�,150cc,DLC2,data\images_person0\DLC2\���[�g�� with �V�F��������2022_12_04@18269ms.png,45093,28326,31861,24359,25424,38916,46581,25491,29866,23459,24637,0
�s�[�`�T�[�L�b�g,150cc,DLC2,data\images_person0\DLC2\���[�g�� with �V�F��������2022_12_04@255611ms.png,45107,28328,31854,24355,25447,38915,46583,25524,23450,24622,27755,41044
�L�m�s�I�n�[�o�[,150cc,DLC2,data\images_person0\DLC2\���[�g�� with �V�F��������2022_12_04@495729ms.png,45111,28352,31846,24345,25450,38928,25533,23445,24605,27786,46122,82557
GBA�}���I�T�[�L�b�g,200cc,DLC2,data\images_person0\DLC2\���[�g�� with �V�F��������2022_12_04@727438ms.png,45127,28333,31848,24348,25484,38899,25556,24619,27801,46108,82536,1786
���b�N���b�N�}�E���e��,150cc,DLC2,data\images_person0\DLC2\���[�g�� with �V�F��������2022_12_04@880199ms.png,45128,28362,31864,24367,25511,38889,25533,24608,27782,46105,82516,1800
�j���[���[�N�h���[��,150cc,DLC2,data\images_person0\DLC2\���[�g�� wtih �V�F��������2022_11_30@1013518ms.png,23270,25987,29239,28540,28025,24360,30191,27348,16005,22108,18364,23931
�A�C�X�r���f�B���O,150cc,DLC2,data\images_person0\DLC2\���[�g�� wtih �V�F��������2022_11_30@1279676ms.png,23308,25982,29234,28533,28049,24360,30170,27343,16070,22094,18357,23896
�`���R�}�E���e��,150cc,DLC2,data\images_person0\DLC2\���[�g�� wtih �V�F��������2022_11_30@13050ms.png,36660,34436,23963,21001,32195,28261,1281,32375,28961,21899,22990,24522
�h���S�����[�h,150cc,DLC2,data\images_person0\DLC2\���[�g�� wtih �V�F��������2022_11_30@1531876ms.png,23329,25970,29232,28527,28028,24335,30157,27368,16102,22107,18379,23877
�N�b�p�L���b�X��,200cc,DLC2,data\images_person0\DLC2\���[�g�� wtih �V�F��������2022_11_30@1717729ms.png,23330,25977,29216,28501,28008,30168,27393,16104,22134,18390,23852,24515
N64�J���J�����΂�,mirror,DLC2,data\images_person0\DLC2\���[�g�� wtih �V�F��������2022_11_30@1927891ms.png,25984,29213,28494,28022,30189,27383,16087,22117,18382,23842,24529,32643
N64���C���{�[���[�h,200cc,DLC2,data\images_person0\DLC2\���[�g�� wtih �V�F��������2022_11_30@2147424ms.png,25978,29218,28023,30163,27399,16110,22105,18389,23869,24520,32661,45924
�����I�X�m�[�}�E���e��,150cc,DLC2,data\images_person0\DLC2\���[�g�� wtih �V�F��������2022_11_30@246682ms.png,36669,34422,23945,21030,32202,1295,32397,28947,21878,24528,22509,28451
�V�h�j�[�T���V���C��,mirror,DLC2,data\images_person0\DLC2\���[�g�� wtih �V�F��������2022_11_30@2503019ms.png,25966,29227,27991,30171,27424,16125,22083,18403,23873,24532,32659,45930
�v�N�v�N�r�[�`,150cc,DLC2,data\images_person0\DLC2\���[�g�� wtih �V�F��������2022_11_30@2751544ms.png,25945,29212,27988,30184,27432,16147,22111,18414,23859,24528,45896,30273
�}���I�T�[�L�b�g,150cc,DLC2,data\images_person0\DLC2\���[�g�� wtih �V�F��������2022_11_30@2969360ms.png,25974,29232,27994,30154,27423,16145,22129,18406,23841,24529,45903,30271
�}���I�T�[�L�b�g3,150cc,DLC2,data\images_person0\DLC2\���[�g�� wtih �V�F��������2022_11_30@3193770ms.png,25978,29237,30129,27410,16178,22153,18427,23838,24530,45879,30240,27562
�G�L�T�C�g�o�C�N,150cc,DLC2,data\images_person0\DLC2\���[�g�� wtih �V�F��������2022_11_30@3403461ms.png,29247,30103,27402,16210,22131,18439,23840,24516,45886,30244,27548,31511
�����������g��,150cc,DLC2,data\images_person0\DLC2\���[�g�� wtih �V�F��������2022_11_30@3625651ms.png,29232,30083,27420,16227,22110,18475,23867,24518,45889,30234,27525,21051
N64�J���J�����΂�,mirror,DLC2,data\images_person0\DLC2\���[�g�� wtih �V�F��������2022_11_30@3844085ms.png,29212,30077,22128,18462,23893,24512,45906,30218,27541,21059,42172,0
���b�N���b�N�}�E���e��,150cc,DLC2,data\images_person0\DLC2\���[�g�� wtih �V�F��������2022_11_30@4062712ms.png,29188,30091,22135,18460,23870,24501,45908,30210,42190,28114,23512,23233
�����������g��,150cc,DLC2,data\images_person0\DLC2\���[�g�� wtih �V�F��������2022_11_30@4323965ms.png,42665,16450,25040,25825,24898,23383,43416,29040,20271,25911,22149,0
�V�h�j�[�T���V���C��,mirror,DLC2,data\images_person0\DLC2\���[�g�� wtih �V�F��������2022_11_30@4459562ms.png,9655,11886,16571,9389,10053,9111,18535,24488,10779,0,0,0
�L�m�R���b�W�E�F�C,150cc,DLC2,data\images_person0\DLC2\���[�g�� wtih �V�F��������2022_11_30@4678122ms.png,9669,11882,16585,9381,10050,9120,18555,24491,16485,0,0,0
�z�l�z�l���΂�,mirror,DLC2,data\images_person0\DLC2\���[�g�� wtih �V�F��������2022_11_30@490602ms.png,12190,10432,10191,9681,32743,23922,33139,24529,0,0,0,0
�����I��������,mirror,DLC2,data\images_person0\DLC2\���[�g�� wtih �V�F��������2022_11_30@719470ms.png,12220,10418,10191,33136,24545,10652,14942,10966,16754,34445,0,0
�V�h�j�[�T���V���C��,200cc,DLC2,data\images_person0\DLC2\���[�g��2022_10_26@331683ms.png,18934,26512,22746,23032,35834,17278,35186,1923,34111,15239,14874,42323
�}���I�J�[�g�X�^�W�A��,mirror,DLC2,data\images_person0\DLC2\���[�g��2022_10_26@526625ms.png,18935,26513,22764,23060,35841,17291,35165,1924,34128,15234,14873,37924
�O���O��������,150cc,DLC2,data\images_person0\DLC2\���[�g��2022_10_26@89092ms.png,18956,27076,26516,22758,23024,35840,17289,20099,35177,1921,34096,15219
�~���[�W�b�N�p�[�N,mirror,DLC2,data\images_person0\DLC2\���[�g��2022_10_31@1163829ms.png,23384,23231,18041,14974,14887,40369,16407,15702,10095,17105,23398,13100
�R�R�i�b�c���[��,150cc,DLC2,data\images_person0\DLC2\���[�g��2022_10_31@1405194ms.png,23242,18050,14971,14874,40381,16413,10088,17084,23419,13119,41239,0
�N�b�p�L���b�X��,150cc,DLC2,data\images_person0\DLC2\���[�g��2022_10_31@1622674ms.png,23227,18046,14959,14896,40400,16427,10081,17087,23436,13104,41235,39163
�A�C�X�r���f�B���O,150cc,DLC2,data\images_person0\DLC2\���[�g��2022_10_31@1855833ms.png,23204,18066,14952,40404,16404,10089,17098,13109,11852,23381,16109,0
�J���J�����΂�,150cc,DLC2,data\images_person0\DLC2\���[�g��2022_10_31@2090671ms.png,23203,14939,40390,16406,10094,17120,13132,11832,16088,15773,7796,16058
���b�V�[�o���[,mirror,DLC2,data\images_person0\DLC2\���[�g��2022_10_31@2336000ms.png,23175,14923,40407,16428,10103,13129,11825,16101,15775,16076,17341,14052
�}���I�T�[�L�b�g3,150cc,DLC2,data\images_person0\DLC2\���[�g��2022_10_31@250092ms.png,15389,18878,25186,10274,13520,33857,23400,18205,23260,18034,16525,0
�G�L�T�C�g�o�C�N,150cc,DLC2,data\images_person0\DLC2\���[�g��2022_10_31@2584507ms.png,16973,9967,14753,9838,16219,9786,11031,8223,10607,11857,7714,23157
�~���[�g�V�e�B,200cc,DLC2,data\images_person0\DLC2\���[�g��2022_10_31@2811478ms.png,9991,14748,9851,16226,9788,11052,8213,10590,11841,7726,23137,17532
�X�J�C�K�[�f��,150cc,DLC2,data\images_person0\DLC2\���[�g��2022_10_31@3003471ms.png,9999,9851,16248,11063,10606,11820,7728,23112,17542,14739,9137,8563
�h�b�X��������,150cc,DLC2,data\images_person0\DLC2\���[�g��2022_10_31@3245056ms.png,10008,9844,16221,11064,10599,11830,7720,23124,17553,14762,9139,8582
���b�V�[�o���[,150cc,DLC2,data\images_person0\DLC2\���[�g��2022_10_31@3482103ms.png,10021,9853,11085,11829,7725,23137,17526,14742,9168,8581,10893,8759
�g�[�L���[�X�N�����u��,150cc,DLC2,data\images_person0\DLC2\���[�g��2022_10_31@3726261ms.png,10012,9836,11080,11858,23130,17517,14746,9166,8603,10873,8784,0
�E�H�[�^�[�p�[�N,150cc,DLC2,data\images_person0\DLC2\���[�g��2022_10_31@3923970ms.png,10023,9839,11054,11848,23132,17532,14768,9161,8612,10893,8776,48610
�}���I�T�[�L�b�g,150cc,DLC2,data\images_person0\DLC2\���[�g��2022_10_31@4141728ms.png,10012,9836,11071,11853,23132,17544,14749,9149,8616,10920,8784,48627
�R�R�i�b�c���[��,150cc,DLC2,data\images_person0\DLC2\���[�g��2022_10_31@4358535ms.png,9997,9826,11056,11879,23113,17556,14739,9155,8636,10931,8795,48644
�}���I�T�[�L�b�g3,150cc,DLC2,data\images_person0\DLC2\���[�g��2022_10_31@4570330ms.png,9986,11052,23123,14739,9174,8644,10943,8784,48660,18421,0,0
�p���v�����i�[�h,150cc,DLC2,data\images_person0\DLC2\���[�g��2022_10_31@468006ms.png,18907,25176,13500,33828,23407,18224,23240,16528,18041,24803,14947,0
�L�m�s�I�n�[�o�[,mirror,DLC2,data\images_person0\DLC2\���[�g��2022_10_31@4780831ms.png,10005,23125,14764,9176,8638,10950,48671,18413,11489,7062,10219,10045
���b�V�[�o���[,200cc,DLC2,data\images_person0\DLC2\���[�g��2022_10_31@5036728ms.png,10010,23138,14735,9178,8649,10971,48688,18420,11473,7058,10213,10058
�R�R�i�b�c���[��,mirror,DLC2,data\images_person0\DLC2\���[�g��2022_10_31@5230751ms.png,9994,23153,14749,9189,8641,11002,48686,18427,11468,7069,10209,10050
���b�N���b�N�}�E���e��,200cc,DLC2,data\images_person0\DLC2\���[�g��2022_10_31@5472689ms.png,9991,23157,14739,8649,48698,11489,7086,10200,10059,1318,11605,11363
�r�b�O�u���[,mirror,DLC2,data\images_person0\DLC2\���[�g��2022_10_31@56035ms.png,15387,18885,25169,11510,10257,13537,23491,7768,33850,23378,18192,23262
�G���N�g���h���[��,200cc,DLC2,data\images_person0\DLC2\���[�g��2022_10_31@5675207ms.png,9985,23157,14757,8640,48715,11487,7092,10181,10065,1322,11619,11382
�L�m�R�L���j�I��,150cc,DLC2,data\images_person0\DLC2\���[�g��2022_10_31@5865461ms.png,9968,23166,14776,8631,48718,11470,7094,10207,10071,1333,11627,11380
�g�[�L���[�X�N�����u��,150cc,DLC2,data\images_person0\DLC2\���[�g��2022_10_31@6061063ms.png,9962,23166,14789,48734,11463,7086,10229,10073,1338,11630,11394,19399
SFC���C���{�[���[�h,150cc,DLC2,data\images_person0\DLC2\���[�g��2022_10_31@6244968ms.png,9965,23139,14809,48719,11448,7099,10249,10057,1346,11639,11409,19419
�V���C���{�[���[�h,200cc,DLC2,data\images_person0\DLC2\���[�g��2022_10_31@6453318ms.png,9973,23149,14833,48703,11457,7108,10235,10041,1350,11664,19402,10796
�R�R�i�b�c���[��,150cc,DLC2,data\images_person0\DLC2\���[�g��2022_10_31@685667ms.png,18910,25150,23393,18222,23264,16551,18057,14938,12908,14877,40387,16420
�O���O��������,mirror,DLC2,data\images_person0\DLC2\���[�g��2022_10_31@904547ms.png,25157,23372,18252,23262,16563,18052,14941,14870,40357,16396,9161,13271
�V�h�j�[�T���V���C��,150cc,DLC2,data\images_person0\DLC2\���[�g�큨NITA2022_11_26@1114315ms.png,24485,24377,2289,6564,34145,23355,15450,11906,1272,1006,39259,23625
�����C�[�W�s���{�[��,150cc,DLC2,data\images_person0\DLC2\���[�g�큨NITA2022_11_26@1342913ms.png,24488,24392,2292,6571,34140,23365,15474,11888,39243,23649,0,0
GBA�X�J�C�K�[�f��,150cc,DLC2,data\images_person0\DLC2\���[�g�큨NITA2022_11_26@1598344ms.png,24489,24417,2290,6570,15499,11878,39243,37115,0,0,0,0
�V���C���{�[���[�h,150cc,DLC2,data\images_person0\DLC2\���[�g�큨NITA2022_11_26@1784117ms.png,24498,24418,2292,6573,15525,11859,1230,1000,1581,39580,0,0
�X�C�[�c�L���j�I��,150cc,DLC2,data\images_person0\DLC2\���[�g�큨NITA2022_11_26@2024849ms.png,24518,24426,2294,6575,15525,11867,1236,999,1576,39591,1007,1008
�r�b�O�u���[,150cc,DLC2,data\images_person0\DLC2\���[�g�큨NITA2022_11_26@2265210ms.png,24533,24422,2303,6581,15533,11881,1240,1006,1576,39607,1005,1002
�p�b�N���X���C�_�[,150cc,DLC2,data\images_person0\DLC2\���[�g�큨NITA2022_11_26@274886ms.png,24454,27915,57166,33754,24315,19670,995,1000,2278,6526,37382,0
�h���t�B���݂���,150cc,DLC2,data\images_person0\DLC2\���[�g�큨NITA2022_11_26@502616ms.png,24459,57178,24326,19688,2280,6530,34128,23393,0,0,0,0
���{�����[�h,150cc,DLC2,data\images_person0\DLC2\���[�g�큨NITA2022_11_26@63858ms.png,24425,27898,28346,57187,27646,33765,24302,0,0,0,0,0
�g�[�L���[�X�N�����u��,mirror,DLC2,data\images_person0\DLC2\���[�g�큨NITA2022_11_26@743218ms.png,24461,57180,24350,2287,6530,34139,23389,15438,11905,11978,1243,1000
�j���[���[�N�h���[��,150cc,DLC2,data\images_person0\DLC2\���[�g�큨NITA2022_11_26@923160ms.png,24465,24373,2293,6554,34134,23379,15455,11905,1266,1003,39256,37889
�j���[���[�N�h���[��,150cc,DLC2,data\images_person0\DLC2\��ǂ�NITA@1158493ms.png,15707,26498,29642,9579,30526,21558,21330,23467,17559,9796,25514,9369
�G�L�T�C�g�o�C�N,150cc,DLC2,data\images_person0\DLC2\��ǂ�NITA@1390566ms.png,15729,26520,29647,9586,30502,21547,21309,23467,17536,9807,25518,9398
�L�m�s�I�T�[�L�b�g,mirror,DLC2,data\images_person0\DLC2\��ǂ�NITA@1593429ms.png,15736,26499,29656,30516,21520,21298,23465,17567,9825,25508,9395,0
�L�m�R���b�W�E�F�C,150cc,DLC2,data\images_person0\DLC2\��ǂ�NITA@1821930ms.png,15737,26468,29675,30529,21500,21304,23480,17572,9832,9397,1717,14787
�L�m�R�L���j�I��,150cc,DLC2,data\images_person0\DLC2\��ǂ�NITA@2026245ms.png,15718,26437,29689,30547,21501,21320,23475,17581,9838,9399,1721,14803
�X�m�[�����h,150cc,DLC2,data\images_person0\DLC2\��ǂ�NITA@20916ms.png,15659,26486,28863,29615,10191,9552,30551,24320,21553,21359,0,25729
�~���[�W�b�N�p�[�N,mirror,DLC2,data\images_person0\DLC2\��ǂ�NITA@2247448ms.png,26453,29693,30546,21516,21346,23473,17567,9843,9409,1722,14795,33988
�L�m�R�L���j�I��,150cc,DLC2,data\images_person0\DLC2\��ǂ�NITA@226545ms.png,15679,26471,28835,29631,10218,9553,30547,24327,21552,21355,23434,34879
�L�m�s�I�T�[�L�b�g,150cc,DLC2,data\images_person0\DLC2\��ǂ�NITA@2513108ms.png,26457,29680,30542,21529,21329,23490,17597,9846,1723,14797,22431,26204
�R�R�i�b�c���[��,150cc,DLC2,data\images_person0\DLC2\��ǂ�NITA@2753646ms.png,26469,29695,30536,21518,23496,17585,9857,1721,14797,22443,30611,27069
�L�m�s�I�n�C�E�F�C,150cc,DLC2,data\images_person0\DLC2\��ǂ�NITA@2984670ms.png,26479,30546,21542,23498,9864,1726,14791,22452,30631,15544,50517,27069
���{�����[�h,150cc,DLC2,data\images_person0\DLC2\��ǂ�NITA@461185ms.png,15669,26486,28843,29653,9573,30539,24330,21548,21345,23458,9312,17549
�s�[�`�T�[�L�b�g,150cc,DLC2,data\images_person0\DLC2\��ǂ�NITA@681331ms.png,15683,26494,28835,29634,9582,30549,24352,21528,21349,23485,17537,32093
�R�R�i�b�c���[��,150cc,DLC2,data\images_person0\DLC2\��ǂ�NITA@917083ms.png,15708,26505,29623,9581,30531,24335,21539,21356,23484,17566,9777,25495
���b�V�[�T�[�L�b�g,150cc,DLC3,data\images_person0\DLC3\3���B�����[�g@10051609ms.png,29539,12994,10663,1599,6061,5619,2286,9701,25700,9605,10467,7309
GBA�X�J�C�K�[�f��,150cc,DLC3,data\images_person0\DLC3\3���B�����[�g@10286123ms.png,29537,13008,10642,1606,6053,5628,9719,25718,9600,2289,17218,0
�L�m�R���b�W�E�F�C,150cc,DLC3,data\images_person0\DLC3\3���B�����[�g@10475452ms.png,29529,13033,10646,1610,6055,5634,9705,25732,9610,2286,17229,0
���b�N���b�N�}�E���e��,150cc,DLC3,data\images_person0\DLC3\3���B�����[�g@10677205ms.png,29541,13026,10657,1610,6058,5663,9711,25709,9593,2300,17240,9525
�x�������V���g���[�Z,150cc,DLC3,data\images_person0\DLC3\3���B�����[�g@10927428ms.png,29553,13041,10664,1634,6056,5670,9704,25728,9598,2300,17232,11164
�}���I�T�[�L�b�g3,200cc,DLC3,data\images_person0\DLC3\3���B�����[�g@1103322ms.png,18301,29388,11126,12935,9082,15477,8823,11584,10543,10097,10195,0
�L�m�s�I�n�C�E�F�C,150cc,DLC3,data\images_person0\DLC3\3���B�����[�g@11149251ms.png,29571,13057,10676,1634,6049,5673,9704,25723,9606,2310,17248,11146
�}���I�J�[�g�X�^�W�A��,150cc,DLC3,data\images_person0\DLC3\3���B�����[�g@11357759ms.png,29588,13058,10665,1647,6065,5692,9603,2309,17264,11163,3712,3430
�h���S�����[�h,mirror,DLC3,data\images_person0\DLC3\3���B�����[�g@11551441ms.png,29595,13056,10687,1667,6069,5691,9594,2331,17279,11139,3722,9859
�p���v�����i�[�h,mirror,DLC3,data\images_person0\DLC3\3���B�����[�g@11776084ms.png,29598,13051,10702,6061,5719,9589,2334,17275,3741,15436,19838,0
N64�J���J�����΂�,mirror,DLC3,data\images_person0\DLC3\3���B�����[�g@12009686ms.png,29615,13066,10708,6069,5716,9581,2330,17291,3754,15422,19841,9143
�s�[�`�T�[�L�b�g,150cc,DLC3,data\images_person0\DLC3\3���B�����[�g@12234090ms.png,29622,13048,10716,6065,5720,2360,3777,15412,19838,9146,10452,14212
�����h���A�x�j���[,150cc,DLC3,data\images_person0\DLC3\3���B�����[�g@12464980ms.png,29639,13069,10701,6068,5740,2360,3786,19834,9156,14225,9770,15583
�c���c���c�C�X�^�[,150cc,DLC3,data\images_person0\DLC3\3���B�����[�g@12707435ms.png,29646,13094,10682,6072,5734,2374,3808,19820,9148,14225,9778,15601
�x�������V���g���[�Z,150cc,DLC3,data\images_person0\DLC3\3���B�����[�g@1283146ms.png,18321,29389,11112,12953,9070,15478,8816,11587,10568,10100,10192,9493
DK�W�����O��,150cc,DLC3,data\images_person0\DLC3\3���B�����[�g@12932571ms.png,29659,13066,10663,6072,5738,2384,3827,19815,9166,14234,9780,15623
�x�r�B�p�[�N,200cc,DLC3,data\images_person0\DLC3\3���B�����[�g@13169676ms.png,29666,13067,10689,6071,5735,2380,3849,9176,14218,9777,15617,6137
�����I�X�m�[�}�E���e��,150cc,DLC3,data\images_person0\DLC3\3���B�����[�g@13318644ms.png,29673,13090,6076,5761,2387,3871,9159,14197,9780,6145,15462,10568
�s�[�`�K�[�f��,150cc,DLC3,data\images_person0\DLC3\3���B�����[�g@13540067ms.png,29690,13094,2386,3893,9153,9779,6137,15449,10277,14021,13304,14768
�G�L�T�C�g�o�C�N,150cc,DLC3,data\images_person0\DLC3\3���B�����[�g@13801326ms.png,29707,13110,2393,3889,9801,6154,15423,10289,13294,14762,21162,0
�l�C�`���[���[�h,150cc,DLC3,data\images_person0\DLC3\3���B�����[�g@14032603ms.png,29724,13126,9813,6166,10288,14765,9209,13407,3386,5034,11594,0
�s�[�`�K�[�f��,150cc,DLC3,data\images_person0\DLC3\3���B�����[�g@14249770ms.png,29740,9800,10285,14750,9221,13426,3390,5051,11566,1757,1787,12650
�s�[�`�T�[�L�b�g,150cc,DLC3,data\images_person0\DLC3\3���B�����[�g@14491234ms.png,29752,9806,10286,14762,9220,13434,3391,5049,11592,1766,1783,12634
���[���[�J���g���[,150cc,DLC3,data\images_person0\DLC3\3���B�����[�g@14724862ms.png,29755,9819,10280,14745,9239,13438,3403,5047,11618,1782,1786,12605
3DS���C���{�[���[�h,150cc,DLC3,data\images_person0\DLC3\3���B�����[�g@14916967ms.png,29767,9811,10286,14767,9225,3405,5054,11619,1805,1782,12619,21162
�p���v�����i�[�h,150cc,DLC3,data\images_person0\DLC3\3���B�����[�g@15124937ms.png,29784,9816,10300,9235,3411,5052,11620,1814,1794,12640,14872,13221
�h���S�����[�h,150cc,DLC3,data\images_person0\DLC3\3���B�����[�g@1529338ms.png,18336,29383,11123,12980,9073,15490,8824,10116,10178,9665,10267,11757
�A�C�X�r���f�B���O,mirror,DLC3,data\images_person0\DLC3\3���B�����[�g@15331982ms.png,29787,9800,10306,9232,3406,5057,1827,1821,12620,14888,13244,3145
�h���S�����[�h,150cc,DLC3,data\images_person0\DLC3\3���B�����[�g@15553867ms.png,29799,9787,10327,9241,3411,5054,1836,1839,12619,14900,13214,3156
�L�m�s�I�n�[�o�[,150cc,DLC3,data\images_person0\DLC3\3���B�����[�g@15779993ms.png,29816,9781,10323,9251,3406,5054,1851,1838,14911,3183,17754,0
�G���N�g���h���[��,150cc,DLC3,data\images_person0\DLC3\3���B�����[�g@16014973ms.png,29832,9778,10335,9254,3404,5056,1854,1848,14916,3178,17768,10102
�X�C�[�c�L���j�I��,150cc,DLC3,data\images_person0\DLC3\3���B�����[�g@16265013ms.png,29849,9772,10315,9260,3399,5060,1876,1863,14908,3202,10117,6189
�g�[�L���[�X�N�����u��,150cc,DLC3,data\images_person0\DLC3\3���B�����[�g@16507718ms.png,29866,9757,10326,9267,3397,5068,1881,1859,14894,3219,10115,6210
�����[�����[�}�E���e��,150cc,DLC3,data\images_person0\DLC3\3���B�����[�g@16718044ms.png,29855,9763,10325,9281,3414,5070,1906,1854,14914,3217,10106,6205
�c���c���c�C�X�^�[,150cc,DLC3,data\images_person0\DLC3\3���B�����[�g@16938056ms.png,29825,9752,10340,9268,3408,5086,1922,1879,14900,3238,10102,6230
�L�m�s�I�n�[�o�[,150cc,DLC3,data\images_person0\DLC3\3���B�����[�g@17149401ms.png,29838,9744,10359,9278,3406,5079,1927,1898,14905,3248,10100,6226
�h�[�i�c�ւ���,150cc,DLC3,data\images_person0\DLC3\3���B�����[�g@17398477ms.png,29854,9742,9285,3400,5081,1939,1896,14919,3265,6222,0,0
���b�N���b�N�}�E���e��,150cc,DLC3,data\images_person0\DLC3\3���B�����[�g@1752179ms.png,18332,29372,11154,12998,15507,8827,10112,10165,9658,10283,11766,19892
�z�l�z�l���΂�,150cc,DLC3,data\images_person0\DLC3\3���B�����[�g@17597533ms.png,29865,9741,9265,3402,5086,1958,1907,14938,3286,19849,9346,1401
�r�b�O�u���[,mirror,DLC3,data\images_person0\DLC3\3���B�����[�g@17819577ms.png,29882,9279,3409,5092,1962,1909,14944,3299,9348,1399,3422,5071
���b�V�[�T�[�L�b�g,150cc,DLC3,data\images_person0\DLC3\3���B�����[�g@18036237ms.png,29875,9260,3417,5092,1992,1909,14958,3317,9355,1416,3414,5074
�x�r�B�p�[�N,150cc,DLC3,data\images_person0\DLC3\3���B�����[�g@18274694ms.png,29892,9270,3414,5098,2012,1913,14968,3329,9333,1417,3420,5086
�e���T���C�N,150cc,DLC3,data\images_person0\DLC3\3���B�����[�g@18457810ms.png,29877,9284,3425,5104,2035,1910,14973,3353,3419,14776,0,0
�����I��������,mirror,DLC3,data\images_person0\DLC3\3���B�����[�g@18654545ms.png,29849,9300,3442,5111,2041,1924,14987,3347,14784,0,0,0
�R�R�i�b�c���[��,150cc,DLC3,data\images_person0\DLC3\3���B�����[�g@18878811ms.png,29835,9316,3440,5119,2036,1927,14988,3366,14798,10323,10354,0
�r�b�O�u���[,200cc,DLC3,data\images_person0\DLC3\3���B�����[�g@19095484ms.png,29851,9332,3441,5132,2035,1923,14998,3374,14782,10320,10360,14386
�}���I�T�[�L�b�g3,150cc,DLC3,data\images_person0\DLC3\3���B�����[�g@19289258ms.png,29850,3449,5141,2050,1922,14789,10341,0,0,0,0,0
�s�[�`�K�[�f��,150cc,DLC3,data\images_person0\DLC3\3���B�����[�g@19475404ms.png,29863,3449,5145,2065,1932,14798,10322,9314,0,0,0,0
�˂���}���V����,150cc,DLC3,data\images_person0\DLC3\3���B�����[�g@19708538ms.png,29859,3444,5146,2089,1933,14816,10316,9320,0,0,0,0
�V�h�j�[�T���V���C��,150cc,DLC3,data\images_person0\DLC3\3���B�����[�g@1976748ms.png,18306,29347,11166,13017,15531,8847,10117,10149,9660,10279,11772,39691
�����h���A�x�j���[,150cc,DLC3,data\images_person0\DLC3\3���B�����[�g@19929728ms.png,29835,3439,5149,2107,1942,14834,10316,9331,9881,10744,0,0
�T���V���C����������,150cc,DLC3,data\images_person0\DLC3\3���B�����[�g@20170114ms.png,29846,3438,5150,2115,1938,14842,10310,9350,9885,10745,10447,1000
���C�v���c���[�n�E�X,150cc,DLC3,data\images_person0\DLC3\3���B�����[�g@20415557ms.png,29853,3432,5158,2133,1944,14857,10294,9369,9885,10721,10454,1009
���b�N���b�N�}�E���e��,150cc,DLC3,data\images_person0\DLC3\3���B�����[�g@20669657ms.png,29870,3431,5169,2144,1946,14872,9377,9896,10725,10445,1014,0
�c���c���c�C�X�^�[,150cc,DLC3,data\images_person0\DLC3\3���B�����[�g@20926633ms.png,29882,3425,5165,2158,1948,14891,9387,9890,10727,10433,1036,3932
�J���J�����΂�,150cc,DLC3,data\images_person0\DLC3\3���B�����[�g@21145971ms.png,29885,3425,5166,2175,1959,14911,9386,9880,10744,10443,1035,12328
�V���C���{�[���[�h,150cc,DLC3,data\images_person0\DLC3\3���B�����[�g@21395984ms.png,29901,3420,5180,2186,1964,14921,9387,10763,10434,1034,12336,10991
�A�C�X�r���f�B���O,150cc,DLC3,data\images_person0\DLC3\3���B�����[�g@21660220ms.png,29918,3421,5191,2182,1963,14913,9391,10452,1039,12325,11005,0
�~���[�g�V�e�B,150cc,DLC3,data\images_person0\DLC3\3���B�����[�g@21887974ms.png,29935,3422,5207,2180,1968,14928,9402,12326,10997,9266,0,0
�j���[���[�N�h���[��,mirror,DLC3,data\images_person0\DLC3\3���B�����[�g@22108319ms.png,29940,3417,5219,2180,1972,14949,9408,12344,10992,9259,10440,15254
�h�[�i�c�ւ���,150cc,DLC3,data\images_person0\DLC3\3���B�����[�g@2220717ms.png,18284,29366,11147,13011,15545,8848,10127,9667,10262,11788,39703,10151
�n�C�����T�[�L�b�g,150cc,DLC3,data\images_person0\DLC3\3���B�����[�g@22326133ms.png,29948,3428,5216,2189,1975,14970,9411,12354,11013,9243,10430,0
�p���v�����i�[�h,150cc,DLC3,data\images_person0\DLC3\3���B�����[�g@22550120ms.png,29949,3431,5213,14954,9407,12356,11034,10390,996,0,0,0
�h�[�i�c�ւ���,200cc,DLC3,data\images_person0\DLC3\3���B�����[�g@22785825ms.png,29953,3443,5213,14974,9423,12347,11007,10395,1002,16626,17528,14652
3DS���C���{�[���[�h,150cc,DLC3,data\images_person0\DLC3\3���B�����[�g@22977154ms.png,29965,3442,5214,14998,9433,12334,11002,10413,999,16633,17519,14652
���[���[�J���g���[,150cc,DLC3,data\images_person0\DLC3\3���B�����[�g@23179126ms.png,29963,3472,5215,14993,9422,12327,10991,10427,997,17517,14667,46842
�����[�����[�}�E���e��,150cc,DLC3,data\images_person0\DLC3\3���B�����[�g@23389419ms.png,29968,3471,5232,15012,9415,12345,10424,994,17539,14667,46822,0
�~���[�W�b�N�p�[�N,mirror,DLC3,data\images_person0\DLC3\3���B�����[�g@23605153ms.png,29987,3481,5230,15032,9420,12352,10413,991,17551,14654,46824,0
�`���R�}�E���e��,200cc,DLC3,data\images_person0\DLC3\3���B�����[�g@23887218ms.png,20518,22701,17242,7103,23078,70702,22430,26412,26975,21142,30006,42544
�}���I�J�[�g�X�^�W�A��,150cc,DLC3,data\images_person0\DLC3\3���B�����[�g@2420422ms.png,18268,29371,11129,13030,15564,8878,10137,9674,10262,39701,10135,11097
�˂���}���V����,200cc,DLC3,data\images_person0\DLC3\3���B�����[�g@252114ms.png,18355,29326,10478,9609,11082,12920,9037,15498,8774,11565,10546,0
���b�V�[�o���[,150cc,DLC3,data\images_person0\DLC3\3���B�����[�g@2648475ms.png,18256,29361,13053,15588,8894,10146,9692,10128,11088,20729,12306,0
���b�N���b�N�}�E���e��,150cc,DLC3,data\images_person0\DLC3\3���B�����[�g@2902120ms.png,18241,29363,13078,15565,8884,10154,9714,10140,11076,20748,13353,9477
�}���I�T�[�L�b�g3,150cc,DLC3,data\images_person0\DLC3\3���B�����[�g@30980ms.png,18336,29323,10489,9754,9604,11092,12912,9026,15486,8748,11586,10568
�L�m�s�I�n�C�E�F�C,mirror,DLC3,data\images_person0\DLC3\3���B�����[�g@3153782ms.png,18247,29380,13066,15584,8897,10160,9709,10155,20758,13347,10726,14417
���C�v���c���[�n�E�X,150cc,DLC3,data\images_person0\DLC3\3���B�����[�g@3391099ms.png,18269,29392,13051,10150,9714,10170,20763,13346,10705,10310,14895,11187
���b�V�[�o���[,150cc,DLC3,data\images_person0\DLC3\3���B�����[�g@3610139ms.png,18252,29399,13076,10160,9733,20741,13345,10718,10310,14920,11163,23947
���b�V�[�T�[�L�b�g,150cc,DLC3,data\images_person0\DLC3\3���B�����[�g@3862870ms.png,18266,29365,13081,10191,9729,20724,13325,10731,10311,11191,30946,0
�J���J�����΂�,150cc,DLC3,data\images_person0\DLC3\3���B�����[�g@4089699ms.png,18258,29368,13112,10176,9722,20704,13344,10743,10310,11218,9242,35493
�c���c���c�C�X�^�[,150cc,DLC3,data\images_person0\DLC3\3���B�����[�g@4333017ms.png,18237,29341,13117,10198,13353,10760,11220,9242,12269,18132,17541,14315
�j���[���[�N�h���[��,200cc,DLC3,data\images_person0\DLC3\3���B�����[�g@453436ms.png,18365,29342,10478,11109,12921,9054,15473,8775,11574,10536,10082,10227
�}���I�T�[�L�b�g3,150cc,DLC3,data\images_person0\DLC3\3���B�����[�g@4569618ms.png,18226,29344,13137,10192,13384,10740,11212,9255,12295,14313,12921,24917
GBA�}���I�T�[�L�b�g,150cc,DLC3,data\images_person0\DLC3\3���B�����[�g@4791382ms.png,18204,29356,13147,10194,13374,10743,11230,9279,14316,12154,12921,10104
�G�L�T�C�g�o�C�N,150cc,DLC3,data\images_person0\DLC3\3���B�����[�g@4980916ms.png,18186,29368,13387,10726,11205,9302,14322,12159,12950,10105,10329,7684
N64�J���J�����΂�,150cc,DLC3,data\images_person0\DLC3\3���B�����[�g@5183430ms.png,18201,29375,13385,10738,11221,9302,14313,12137,12934,10089,10358,14373
SFC���C���{�[���[�h,150cc,DLC3,data\images_person0\DLC3\3���B�����[�g@5382595ms.png,18174,29364,13388,10750,11217,14325,12122,12953,10086,10340,14394,16842
�����h���A�x�j���[,150cc,DLC3,data\images_person0\DLC3\3���B�����[�g@5580263ms.png,18171,29367,13372,10763,11215,14323,12149,12943,10109,10324,14422,25679
�����I�X�m�[�}�E���e��,150cc,DLC3,data\images_person0\DLC3\3���B�����[�g@5837578ms.png,18174,29357,13387,10758,11212,12155,12964,10096,10317,14400,16318,12231
���C�v���c���[�n�E�X,mirror,DLC3,data\images_person0\DLC3\3���B�����[�g@6066116ms.png,18147,29364,13391,10761,11199,12172,12994,10082,10318,14407,12221,11467
�s�[�`�K�[�f��,150cc,DLC3,data\images_person0\DLC3\3���B�����[�g@617055ms.png,18361,29359,10462,11125,12909,9061,15485,8801,11584,10534,10065,10218
�V���[�x�b�g�����h,150cc,DLC3,data\images_person0\DLC3\3���B�����[�g@6337884ms.png,18129,29381,13395,10744,11195,12172,12978,10099,14414,12242,11442,12002
���{�����[�h,150cc,DLC3,data\images_person0\DLC3\3���B�����[�g@6576114ms.png,18111,29397,13419,10766,11170,12177,12993,10105,14421,12227,11422,11997
���b�V�[�T�[�L�b�g,150cc,DLC3,data\images_person0\DLC3\3���B�����[�g@6809538ms.png,29409,13418,10750,11193,12167,12998,14403,12242,11397,12028,10628,17990
�����I�X�m�[�}�E���e��,150cc,DLC3,data\images_person0\DLC3\3���B�����[�g@7015088ms.png,29412,10772,11199,12178,12977,14396,12274,11372,12013,10631,17972,1405
�X�C�[�c�L���j�I��,150cc,DLC3,data\images_person0\DLC3\3���B�����[�g@7214085ms.png,29424,10777,11210,13006,12293,11362,12028,10632,17949,1416,13018,1151
�����������g��,150cc,DLC3,data\images_person0\DLC3\3���B�����[�g@7432689ms.png,29441,10787,11229,12993,12307,11346,12052,10632,17936,1433,12995,1148
�G�L�T�C�g�o�C�N,150cc,DLC3,data\images_person0\DLC3\3���B�����[�g@7641789ms.png,29453,10787,12986,12335,11329,12066,10637,17945,1454,12982,1148,0
���C�v���c���[�n�E�X,150cc,DLC3,data\images_person0\DLC3\3���B�����[�g@7847743ms.png,29440,10767,13014,11314,12078,10630,17954,1469,12987,1145,6051,5493
�~���[�W�b�N�p�[�N,150cc,DLC3,data\images_person0\DLC3\3���B�����[�g@8122753ms.png,29442,10774,13004,11336,10645,17931,1483,12963,1142,6053,5505,15057
�h���t�B���݂���,150cc,DLC3,data\images_person0\DLC3\3���B�����[�g@8370842ms.png,29455,10791,13000,11327,10657,17913,1503,12964,1146,6047,5503,15080
�G�L�T�C�g�o�C�N,150cc,DLC3,data\images_person0\DLC3\3���B�����[�g@8593336ms.png,29471,10798,13021,11340,10651,1530,12946,1153,6044,5517,15074,12138
�����[�����[�}�E���e��,150cc,DLC3,data\images_person0\DLC3\3���B�����[�g@862487ms.png,18329,29371,10470,11120,12922,9068,15498,8797,11563,10546,10093,10212
�V�h�j�[�T���V���C��,150cc,DLC3,data\images_person0\DLC3\3���B�����[�g@8783179ms.png,29488,10815,13027,11312,10653,1533,12941,1153,6062,5519,12159,2239
N64�J���J�����΂�,150cc,DLC3,data\images_person0\DLC3\3���B�����[�g@9018096ms.png,29482,10824,13007,10657,1539,6066,5543,12173,2250,9441,9698,13146
�j���[���[�N�h���[��,150cc,DLC3,data\images_person0\DLC3\3���B�����[�g@9224896ms.png,29498,10821,13016,10644,1539,6059,5569,2277,9705,13135,25677,14783
�����h���A�x�j���[,150cc,DLC3,data\images_person0\DLC3\3���B�����[�g@9413216ms.png,29515,10824,13007,10642,1536,6077,5566,2280,9714,25690,7302,0
�}���I�T�[�L�b�g,150cc,DLC3,data\images_person0\DLC3\3���B�����[�g@9648653ms.png,29533,10837,13014,10661,1555,6073,5577,2283,9710,25673,9603,10476
�l�C�`���[���[�h,150cc,DLC3,data\images_person0\DLC3\3���B�����[�g@9841838ms.png,29526,12995,10640,1585,6066,5601,2290,9710,25691,9599,10483,7308
���b�N���b�N�}�E���e��,150cc,DLC3,data\images_person0\DLC3\������ƃ��[�g@1128744ms.png,7913,19154,11970,13225,30222,11786,15265,14441,11212,10702,15676,29685
�j���[���[�N�h���[��,150cc,DLC3,data\images_person0\DLC3\������ƃ��[�g@1376461ms.png,7915,19162,11983,13214,30231,11768,15287,14470,11214,10712,15668,29651
�L�m�s�I�n�C�E�F�C,150cc,DLC3,data\images_person0\DLC3\������ƃ��[�g@1561740ms.png,7934,19170,12005,30244,11744,15270,14499,11223,10716,15656,29636,14251
N64�J���J�����΂�,150cc,DLC3,data\images_person0\DLC3\������ƃ��[�g@1772307ms.png,19182,12032,30248,11752,15252,14528,11205,10721,15643,29621,14260,35952
N64���C���{�[���[�h,150cc,DLC3,data\images_person0\DLC3\������ƃ��[�g@1975971ms.png,19177,12030,30253,11761,15272,14554,11195,15651,14250,15059,35952,11624
�L�m�R�L���j�I��,150cc,DLC3,data\images_person0\DLC3\������ƃ��[�g@2146546ms.png,19199,30225,11769,15270,14544,15670,14235,15073,35964,11638,19577,0
�����h���A�x�j���[,mirror,DLC3,data\images_person0\DLC3\������ƃ��[�g@255736ms.png,7851,9737,19161,11975,11182,13187,30218,11766,15236,14441,10793,0
�c���c���c�C�X�^�[,150cc,DLC3,data\images_person0\DLC3\������ƃ��[�g@45654ms.png,10492,7847,9742,19147,11965,11201,13189,30201,11750,15246,14424,10786
�h�[�i�c�ւ���,150cc,DLC3,data\images_person0\DLC3\������ƃ��[�g@506755ms.png,7876,9742,19155,11956,11175,13216,30219,11753,15255,14446,10771,11211
�g�[�L���[�X�N�����u��,150cc,DLC3,data\images_person0\DLC3\������ƃ��[�g@739725ms.png,7901,19156,11972,13239,30213,11738,0,14432,10769,11212,10571,0
�G�L�T�C�g�o�C�N,mirror,DLC3,data\images_person0\DLC3\������ƃ��[�g@910758ms.png,7898,19139,11974,13246,30214,11769,15294,14454,10769,11199,10670,15681
�G���N�g���h���[��,150cc,DLC3,data\images_person0\DLC3\���[�g with �V�F��������@1059685ms.png,20592,25782,18251,26193,29983,18826,86314,35821,27275,20752,16100,0
N64�J���J�����΂�,mirror,DLC3,data\images_person0\DLC3\���[�g with �V�F��������@1289222ms.png,20602,25782,18242,26181,30001,18844,86330,35789,27268,20774,16087,41482
�G���N�g���h���[��,200cc,DLC3,data\images_person0\DLC3\���[�g with �V�F��������@1510241ms.png,10401,10092,14324,19231,8757,3031,9186,23635,25699,30001,12415,10638
3DS���C���{�[���[�h,150cc,DLC3,data\images_person0\DLC3\���[�g with �V�F��������@1693648ms.png,10383,10109,14316,19248,8754,3049,9186,23655,25708,29999,12415,10622
���b�N���b�N�}�E���e��,150cc,DLC3,data\images_person0\DLC3\���[�g with �V�F��������@1767ms.png,20511,16074,26732,30123,25767,35408,19247,18246,26199,25848,30027,18846
�g�[�L���[�X�N�����u��,150cc,DLC3,data\images_person0\DLC3\���[�g with �V�F��������@1892660ms.png,10395,10117,14290,19261,8757,3050,9211,25728,30002,10610,7343,0
�h���S�����[�h,150cc,DLC3,data\images_person0\DLC3\���[�g with �V�F��������@2081893ms.png,10409,10135,14277,19261,8760,3055,9218,30019,10588,7338,10384,11429
�p���v�����i�[�h,150cc,DLC3,data\images_person0\DLC3\���[�g with �V�F��������@212600ms.png,20544,16086,26753,25784,19251,18266,26185,25824,30015,18825,86271,0
�~���[�W�b�N�p�[�N,150cc,DLC3,data\images_person0\DLC3\���[�g with �V�F��������@2329750ms.png,10431,10116,19271,9222,30036,10579,7335,10389,43061,13992,15840,9403
�h���t�B���݂���,150cc,DLC3,data\images_person0\DLC3\���[�g with �V�F��������@2578822ms.png,10422,10105,19287,9241,30055,10583,7360,10371,43054,13984,15824,9418
�R�R�i�b�c���[��,150cc,DLC3,data\images_person0\DLC3\���[�g with �V�F��������@2830931ms.png,10412,10089,19293,9240,30064,10581,7356,10380,43071,13990,15843,9425
���[���[�J���g���[,150cc,DLC3,data\images_person0\DLC3\���[�g with �V�F��������@3058269ms.png,19315,9255,30059,10580,7360,10385,43074,15861,9416,32585,25981,9428
�x�������V���g���[�Z,150cc,DLC3,data\images_person0\DLC3\���[�g with �V�F��������@434002ms.png,20566,16095,25766,18268,26205,30014,18821,86287,29878,35827,27264,0
�p���v�����i�[�h,150cc,DLC3,data\images_person0\DLC3\���[�g with �V�F��������@663183ms.png,20600,16121,25778,18276,26189,29991,18817,86299,29849,35826,27258,20730
GBA�}���I�T�[�L�b�g,150cc,DLC3,data\images_person0\DLC3\���[�g with �V�F��������@883488ms.png,20608,16118,25784,18261,26206,29984,18797,86311,29857,35812,27284,20718
�����h���A�x�j���[,mirror,DLC3,data\images_person0\DLC3\���[�g2023_01_13 part2@1146036ms.png,22096,24223,21495,9899,5679,29287,20635,24309,27169,44883,20692,24514
���b�N���b�N�}�E���e��,150cc,DLC3,data\images_person0\DLC3\���[�g2023_01_13 part2@1397964ms.png,24215,21505,9899,5679,29302,20657,24321,20682,24541,5842,30618,34059
�R�R�i�b�c���[��,150cc,DLC3,data\images_person0\DLC3\���[�g2023_01_13 part2@1630041ms.png,24237,21525,9905,5683,29285,20662,24328,20663,24553,5876,32619,25951
�V���[�x�b�g�����h,150cc,DLC3,data\images_person0\DLC3\���[�g2023_01_13 part2@1873370ms.png,24253,21528,9904,5683,29276,20656,20673,24563,5882,32636,35465,25742
�L�m�R�L���j�I��,150cc,DLC3,data\images_person0\DLC3\���[�g2023_01_13 part2@2102175ms.png,24240,21513,9913,5679,29272,20667,20668,24574,5882,32655,35477,25756
�p���v�����i�[�h,150cc,DLC3,data\images_person0\DLC3\���[�g2023_01_13 part2@2321723ms.png,24223,21503,9918,5679,29279,20643,20689,24576,5902,32674,35489,25752
�L�m�s�I�n�C�E�F�C,150cc,DLC3,data\images_person0\DLC3\���[�g2023_01_13 part2@2563094ms.png,24245,21517,9913,5683,29267,20633,20719,32683,35488,30051,25766,27331
SFC���C���{�[���[�h,150cc,DLC3,data\images_person0\DLC3\���[�g2023_01_13 part2@2763355ms.png,24234,9921,5683,29270,20636,20707,32703,35496,30048,25777,27351,23186
DK�W�����O��,mirror,DLC3,data\images_person0\DLC3\���[�g2023_01_13 part2@283745ms.png,22154,37260,24148,21497,40643,23672,39255,45743,21544,9907,5658,29300
���b�V�[�o���[,150cc,DLC3,data\images_person0\DLC3\���[�g2023_01_13 part2@2938752ms.png,24259,9915,5684,29283,20633,20694,32699,35514,30040,25764,27356,23201
�L�m�s�I�n�[�o�[,150cc,DLC3,data\images_person0\DLC3\���[�g2023_01_13 part2@3170644ms.png,24268,29267,20636,20712,32714,35522,30029,25767,27382,23182,38037,31366
�s�[�`�T�[�L�b�g,150cc,DLC3,data\images_person0\DLC3\���[�g2023_01_13 part2@3398767ms.png,24286,29265,20667,20693,32704,35498,25788,27411,23196,31351,15802,0
�R�R�i�b�c���[��,150cc,DLC3,data\images_person0\DLC3\���[�g2023_01_13 part2@3614320ms.png,24268,29246,20663,20701,32724,35511,25762,27416,23195,31362,15823,24389
�r�b�O�u���[,mirror,DLC3,data\images_person0\DLC3\���[�g2023_01_13 part2@3816975ms.png,24259,29241,20688,20700,32739,35482,25736,27423,23202,31340,15860,24405
�p���v�����i�[�h,150cc,DLC3,data\images_person0\DLC3\���[�g2023_01_13 part2@4008763ms.png,24279,29221,20694,32745,35476,25716,27445,23214,31361,15864,24380,0
�h���S�����[�h,150cc,DLC3,data\images_person0\DLC3\���[�g2023_01_13 part2@48797ms.png,22152,37238,24168,21501,40637,23686,39255,45731,21523,9903,5661,29300
GBA�X�J�C�K�[�f��,150cc,DLC3,data\images_person0\DLC3\���[�g2023_01_13 part2@537080ms.png,22145,24174,40653,39276,21546,9904,5662,29291,26765,20598,24286,27148
�A�C�X�r���f�B���O,150cc,DLC3,data\images_person0\DLC3\���[�g2023_01_13 part2@737230ms.png,22136,24198,39294,21523,9901,5673,29270,20605,24295,27158,44894,0
�e���T���C�N,150cc,DLC3,data\images_person0\DLC3\���[�g2023_01_13 part2@958351ms.png,22112,24226,21505,9902,5681,29277,20604,24317,27171,44885,20676,24492
���b�N���b�N�}�E���e��,150cc,DLC3,data\images_person0\DLC3\�s�����[�g@1146741ms.png,37460,29241,35958,17911,28541,30918,34310,23286,24142,23014,29238,0
3DS���C���{�[���[�h,150cc,DLC3,data\images_person0\DLC3\�s�����[�g@119547ms.png,23589,33150,27856,30349,13696,20305,44415,23153,22602,25066,29245,0
�G�L�T�C�g�o�C�N,150cc,DLC3,data\images_person0\DLC3\�s�����[�g@1351411ms.png,37473,29258,35925,17949,28530,30912,34315,23277,24127,23021,29244,22289
�ǂ��Ԃ̐X,150cc,DLC3,data\images_person0\DLC3\�s�����[�g@1566158ms.png,37482,29265,35944,17981,28523,30888,34311,23271,24115,23000,29241,22309
DK�W�����O��,150cc,DLC3,data\images_person0\DLC3\�s�����[�g@1770812ms.png,37458,29281,35926,18014,28501,34317,23280,24094,23014,29233,22313,22304
�G�L�T�C�g�o�C�N,150cc,DLC3,data\images_person0\DLC3\�s�����[�g@2011399ms.png,37462,29258,35941,18051,28483,34308,23294,24101,29249,22307,22302,59860
���b�V�[�o���[,150cc,DLC3,data\images_person0\DLC3\�s�����[�g@2239599ms.png,24281,26693,27635,45267,30836,22373,34006,26602,24276,29227,23634,0
�h���S�����[�h,150cc,DLC3,data\images_person0\DLC3\�s�����[�g@2488550ms.png,15254,12378,15175,12052,13233,29199,11768,0,0,0,0,0
�x�r�B�p�[�N,150cc,DLC3,data\images_person0\DLC3\�s�����[�g@2677654ms.png,15247,12389,15198,12056,13219,29206,0,0,0,0,0,0
���[���[�J���g���[,150cc,DLC3,data\images_person0\DLC3\�s�����[�g@2828143ms.png,15227,12380,15219,12056,13234,29203,9590,0,0,0,0,0
�h���t�B���݂���,150cc,DLC3,data\images_person0\DLC3\�s�����[�g@3001938ms.png,15227,12376,15241,12044,13213,29210,9605,0,0,0,0,0
�G�L�T�C�g�o�C�N,150cc,DLC3,data\images_person0\DLC3\�s�����[�g@315727ms.png,23594,33149,27849,30371,13680,20323,44391,23146,22584,25090,29257,23657
�~���[�g�V�e�B,150cc,DLC3,data\images_person0\DLC3\�s�����[�g@3214199ms.png,15219,12387,15256,12071,13199,29182,9614,17950,0,0,0,0
�R�R�i�b�c���[��,150cc,DLC3,data\images_person0\DLC3\�s�����[�g@3410497ms.png,15222,12380,15274,12050,29197,9612,0,0,0,0,0,0
�����I�X�m�[�}�E���e��,150cc,DLC3,data\images_person0\DLC3\�s�����[�g@3611542ms.png,15242,12387,12050,29202,9611,59763,12214,48837,22777,0,0,0
�h���S�����[�h,150cc,DLC3,data\images_person0\DLC3\�s�����[�g@3809457ms.png,15252,12393,12036,29186,9633,59778,12193,10837,0,0,0,0
�}���I�T�[�L�b�g3,150cc,DLC3,data\images_person0\DLC3\�s�����[�g@3997640ms.png,15255,12393,29197,9650,59793,12186,0,0,0,0,0,0
�J���J�����΂�,150cc,DLC3,data\images_person0\DLC3\�s�����[�g@4186118ms.png,15252,12385,29204,9644,59805,12195,0,0,0,0,0,0
�����C�[�W�s���{�[��,200cc,DLC3,data\images_person0\DLC3\�s�����[�g@4420782ms.png,15257,12401,29189,59817,12194,13357,20225,16122,10825,0,0,0
�~���[�W�b�N�p�[�N,150cc,DLC3,data\images_person0\DLC3\�s�����[�g@535185ms.png,23585,33141,27850,30360,13717,20308,44399,23158,22572,25115,29228,23673
GBA�X�J�C�K�[�f��,mirror,DLC3,data\images_person0\DLC3\�s�����[�g@769927ms.png,23591,33128,27861,30373,13711,20287,44379,23140,22599,29222,23705,27799
�e���T���C�N,150cc,DLC3,data\images_person0\DLC3\�s�����[�g@958075ms.png,23613,27861,30391,13714,20282,23157,22587,29246,27794,27065,0,0
